id,nome,ruolo,squadra,mv,presenze,fm,gol,assist,rig_segnati,rig_sbagliati,gol_subiti,rig_parati,ammonizioni,espulsioni,giornata,giornate_giocate,stagione,chiave,squadra_prev,mv_prev,fm_prev,presenze_prev,gol_prev,assist_prev,rig_segnati_prev,rig_sbagliati_prev,gol_subiti_prev,rig_parati_prev,ammonizioni_prev,espulsioni_prev,cambiato_squadra,delta_fm,da_titolare,subentrato,sostituito,pct_titolare,squadra_n,modulo,titolare_prob,titolare,titolare_fonte,rigorista,piazzati,indisponibile,infortunio,rientro_data,rientro_nota,giorni_stop,stop_lungo,gs_squadra,pg_squadra,gs_partita_squadra,gs_squadra_prev,pg_squadra_prev,gs_partita_squadra_prev,eta,nato_il,nome_completo,soprannome,obiettivo,fm_ponderata,bonus,punteggio,fascia,prezzo_indicativo
59898,Bijlow,P,Genoa,6.12,4,4.12,0,0,0,0,0,0,0,0,5,4,2026-2027,bijlow,Genoa,6.28,5.31,16.0,0.0,0.0,0.0,0.0,0.0,0.0,1.0,0.0,0,-1.19,4,0,0,1.0,genoa,2-4-1,1,1,probabili formazioni,0,0,,,,,,,8,4,2.0,51.0,38.0,1.34,28,22/01/1998,,,,4.8,0.7,5.5,Scommessa,1-3
98983,Butez,P,Como,6.33,3,5.33,0,0,0,0,0,0,0,0,5,4,2026-2027,butez,Como 1907,6.45,6.24,38.0,0.0,1.0,0.0,0.0,0.0,0.0,3.0,0.0,0,-0.91,3,0,0,0.75,como,,0,1,stima da presenze,0,0,,,,,,,4,4,1.0,29.0,38.0,0.76,31,08/06/1995,,,,6.07,0.5,6.57,Medio,4-11
69665,Caprile,P,Cagliari,6.75,4,6.75,0,0,0,0,0,0,0,0,5,4,2026-2027,caprile,Cagliari,6.21,5.0,38.0,0.0,0.0,0.0,0.0,0.0,0.0,2.0,0.0,0,1.75,4,0,0,1.0,cagliari,2-6-1,1,1,probabili formazioni,0,0,,,,,,,2,4,0.5,53.0,38.0,1.39,25,25/08/2001,,,,5.42,0.7,6.12,Scommessa,1-3
70334,Carnesecchi,P,Atalanta,6.75,4,5.75,0,0,0,0,0,0,0,0,5,4,2026-2027,carnesecchi,Atalanta,6.36,5.93,37.0,0.0,0.0,0.0,0.0,0.0,0.0,0.0,0.0,0,-0.18,4,0,0,1.0,atalanta,4-3-2,1,1,probabili formazioni,0,0,,,,,,,5,4,1.25,36.0,38.0,0.95,26,01/07/2000,,,,5.89,0.7,6.59,Medio,4-11
73141,Corvi,P,Parma,6.12,4,4.62,0,0,0,0,0,0,0,0,5,4,2026-2027,corvi,Parma,6.28,5.69,17.0,0.0,0.0,0.0,0.0,0.0,0.0,1.0,0.0,0,-1.07,4,0,0,1.0,parma,4-2-2,1,1,probabili formazioni,0,0,,,,,,,6,4,1.5,46.0,38.0,1.21,25,23/03/2001,,,,5.25,0.7,5.95,Scommessa,1-3
16631,David de Gea,P,Fiorentina,6.0,4,3.25,0,0,0,0,0,0,0,0,5,4,2026-2027,daviddegea,Fiorentina,6.3,5.32,37.0,0.0,0.0,0.0,0.0,0.0,0.0,0.0,0.0,0,-2.07,4,0,0,1.0,fiorentina,4-4-0,1,1,probabili formazioni,0,0,,,,,,,11,4,2.75,50.0,38.0,1.32,36,07/11/1990,,,,4.81,0.2,5.01,Scommessa,1-3
38409,Falcone,P,Lecce,6.62,4,5.0,0,0,0,0,0,0,1,0,5,4,2026-2027,falcone,Lecce,6.14,5.22,38.0,0.0,0.0,0.0,0.0,0.0,0.0,2.0,0.0,0,-0.22,4,0,0,1.0,lecce,4-3-1,1,1,probabili formazioni,0,0,,,,,,,7,4,1.75,50.0,38.0,1.32,31,12/04/1995,,,,5.17,0.5,5.67,Scommessa,1-3
95090,Josep Martinez,P,Inter,6.62,4,5.38,0,0,0,0,0,0,0,0,5,4,2026-2027,josepmartinez,Inter,6.42,6.25,5.0,0.0,0.0,0.0,0.0,0.0,0.0,0.0,0.0,0,-0.87,4,0,0,1.0,inter,4-3-2,1,1,probabili formazioni,0,0,,,,,,,6,4,1.5,35.0,38.0,0.92,28,27/05/1998,,,,5.64,0.7,6.34,Medio,4-11
118370,Lucas Perri,P,Torino,6.25,2,4.75,0,0,0,0,0,0,0,0,5,4,2026-2027,lucasperri,,,,,,,,,,,,,0,,2,0,0,0.5,torino,,0,0,,0,0,,,,,,,7,4,1.75,63.0,38.0,1.66,29,10/12/1997,,,,4.75,0.2,4.95,Scommessa,1-3
42646,Maignan,P,Milan,6.25,4,5.5,0,0,0,0,0,0,0,0,5,4,2026-2027,maignan,Milan,6.42,5.96,37.0,0.0,0.0,0.0,0.0,0.0,0.0,4.0,0.0,0,-0.46,4,0,0,1.0,milan,3-5-1,1,1,probabili formazioni,0,0,,,,,,,4,4,1.0,35.0,38.0,0.92,31,03/07/1995,,,,5.85,0.5,6.35,Medio,4-11
118319,Mandas,P,Lazio,6.75,4,6.5,0,0,0,0,0,0,0,0,5,4,2026-2027,mandas,,,,,,,,,,,,,0,,4,0,0,1.0,lazio,3-4-2,1,1,probabili formazioni,0,0,,,,,,,3,4,0.75,40.0,38.0,1.05,25,17/09/2001,,,,6.5,0.7,7.2,Top,25-45
118649,Mascardi,P,Torino,6.25,2,4.25,0,0,0,0,0,0,0,0,5,4,2026-2027,mascardi,,,,,,,,,,,,,0,,2,0,0,0.5,torino,,0,0,,0,0,,,,,,,7,4,1.75,63.0,38.0,1.66,20,26/09/2006,,,,4.25,0.2,4.45,Scommessa,1-3
49089,Meret,P,Napoli,6.33,3,5.0,0,0,0,0,0,0,0,0,5,4,2026-2027,meret,Napoli,6.46,5.79,11.0,0.0,1.0,0.0,0.0,0.0,0.0,1.0,0.0,0,-0.79,3,0,0,0.75,napoli,,0,0,,0,0,infortunato,Infortunio agli adduttori,08/10/2026,Il portiere uscito claudicante dal match di mercoledì in Champions League per una lesione di basso grado all'adduttore lungo. Recuperabile dall'inizio di ottobre.,22.0,,5,4,1.25,36.0,38.0,0.95,29,22/03/1997,,,,5.43,0.0,5.43,Scommessa,1-3
44633,Milinkovic-Savic,P,Napoli,6.5,1,7.5,0,0,0,0,0,0,0,0,5,4,2026-2027,milinkovicsavic,Napoli,6.41,6.28,27.0,0.0,1.0,0.0,0.0,0.0,0.0,0.0,0.0,0,1.22,1,0,0,0.25,napoli,4-4-1,1,1,probabili formazioni,0,0,,,,,,,5,4,1.25,36.0,38.0,0.95,29,20/02/1997,,,,6.4,0.7,7.1,Semi-top,12-24
94916,Muric,P,Sassuolo,6.5,4,4.75,0,0,0,0,0,0,0,0,5,4,2026-2027,muric,Sassuolo,6.31,5.19,32.0,0.0,0.0,0.0,0.0,0.0,0.0,4.0,0.0,0,-0.44,4,0,0,1.0,sassuolo,2-4-3,1,1,probabili formazioni,0,0,,,,,,,7,4,1.75,50.0,38.0,1.32,28,07/11/1998,,,,5.07,0.7,5.77,Scommessa,1-3
77144,Okoye,P,Udinese,6.38,4,3.88,0,0,0,0,0,0,0,0,5,4,2026-2027,okoye,Udinese,6.28,5.63,30.0,0.0,0.0,0.0,0.0,0.0,0.0,1.0,1.0,0,-1.75,4,0,0,1.0,udinese,5-3-1,1,1,probabili formazioni,0,0,,,,,,,10,4,2.5,48.0,38.0,1.26,27,28/08/1999,,,,5.13,0.7,5.83,Scommessa,1-3
110653,Palmisani,P,Frosinone,6.25,4,5.5,0,0,0,0,0,0,0,0,5,4,2026-2027,palmisani,,,,,,,,,,,,,0,,4,0,0,1.0,frosinone,3-4-3,1,1,probabili formazioni,0,0,,,,,,,4,4,1.0,,,,22,12/06/2004,,,,5.5,0.7,6.2,Scommessa,1-3
119794,Pessina,P,Bologna,6.0,1,5.0,0,0,0,0,0,0,0,0,5,4,2026-2027,pessina,Bologna,6.4,6.8,4.0,0.0,0.0,0.0,0.0,0.0,0.0,0.0,0.0,0,-1.8,1,0,0,0.25,bologna,,0,0,,0,0,,,,,,,5,4,1.25,46.0,38.0,1.21,19,25/12/2007,,,,6.03,-0.1,5.93,Scommessa,1-3
94809,Robert Sanchez,P,Como,6.5,1,5.5,0,0,0,0,0,0,0,0,5,4,2026-2027,robertsanchez,,,,,,,,,,,,,0,,1,0,0,0.25,como,,0,0,,0,0,,,,,,,4,4,1.0,29.0,38.0,0.76,29,18/11/1997,,,,5.5,0.2,5.7,Scommessa,1-3
38871,Skorupski,P,Bologna,6.0,3,4.67,0,0,0,0,0,0,0,0,5,4,2026-2027,skorupski,Bologna,6.16,5.76,19.0,0.0,0.0,0.0,0.0,0.0,0.0,1.0,1.0,0,-1.09,3,0,0,0.75,bologna,4-3-2,1,1,probabili formazioni,0,0,,,,,,,5,4,1.25,46.0,38.0,1.21,35,05/05/1991,,,,5.41,0.2,5.61,Scommessa,1-3
102651,Stankovic,P,Venezia,6.25,4,3.5,0,0,0,0,0,0,0,0,5,4,2026-2027,stankovic,,,,,,,,,,,,,0,,4,0,0,1.0,venezia,3-2-2,1,1,probabili formazioni,0,0,,,,,,,11,4,2.75,,,,24,25/02/2002,,,,3.5,0.7,4.2,Scommessa,1-3
60457,Svilar,P,Roma,6.62,4,7.12,0,0,0,0,0,0,0,0,5,4,2026-2027,svilar,Roma,6.46,6.12,38.0,0.0,0.0,0.0,0.0,0.0,0.0,0.0,0.0,0,1.0,4,0,0,1.0,roma,4-2-3,1,1,probabili formazioni,0,0,,,,,,,1,4,0.25,31.0,38.0,0.82,27,27/08/1999,,,,6.36,0.7,7.06,Semi-top,12-24
61406,Thiam,P,Monza,5.83,3,3.5,0,0,0,0,0,0,0,0,5,4,2026-2027,thiam,,,,,,,,,,,,,0,,3,0,0,0.75,monza,5-3-1,1,1,probabili formazioni,0,0,,,,,,,11,4,2.75,,,,28,05/03/1998,,,,3.5,0.7,4.2,Scommessa,1-3
45335,Vicario,P,Juventus,6.25,4,5.75,0,0,0,0,0,0,0,0,5,4,2026-2027,vicario,,,,,,,,,,,,,0,,4,0,1,1.0,juventus,4-3-3,1,1,probabili formazioni,0,0,,,,,,,4,4,1.0,34.0,38.0,0.89,30,07/10/1996,,,,5.75,0.5,6.25,Medio,4-11
115130,Abankwah,D,Udinese,6.25,4,6.88,1,0,0,0,0,0,1,0,5,4,2026-2027,abankwah,,,,,,,,,,,,,0,,4,0,1,1.0,udinese,5-3-1,1,1,probabili formazioni,0,0,,,,,,,10,4,2.5,48.0,38.0,1.26,22,16/01/2004,,,,6.88,0.7,7.58,Semi-top,15-29
51611,Akanji,D,Inter,6.5,4,6.5,0,1,0,0,0,0,1,0,5,4,2026-2027,akanji,Inter,6.23,6.35,33.0,2.0,0.0,0.0,0.0,0.0,0.0,4.0,0.0,0,0.15,4,0,2,1.0,inter,4-3-2,1,1,probabili formazioni,0,0,,,,,,,6,4,1.5,35.0,38.0,0.92,31,19/07/1995,,,,6.39,0.5,6.89,Medio,5-14
118586,Alex Jimenez,D,Fiorentina,6.17,3,6.17,0,1,0,0,0,0,1,0,5,4,2026-2027,alexjimenez,,,,,,,,,,,,,0,,2,1,1,0.5,fiorentina,4-4-0,1,1,probabili formazioni,0,0,,,,,,,11,4,2.75,50.0,38.0,1.32,21,08/05/2005,,,,6.17,0.7,6.87,Medio,5-14
115890,Alex Valle,D,Como,6.67,3,6.83,0,1,0,0,0,0,0,0,5,4,2026-2027,alexvalle,Como 1907,6.19,6.31,28.0,1.0,4.0,0.0,0.0,0.0,0.0,3.0,0.0,0,0.52,3,0,0,0.75,como,,0,1,stima da presenze,0,0,,,,,,,4,4,1.0,29.0,38.0,0.76,22,25/04/2004,,,obiettivo mercato,6.44,0.7,7.14,Semi-top,15-29
50622,Alfonso Pedraza,D,Lazio,6.0,3,6.0,0,0,0,0,0,0,0,0,5,4,2026-2027,alfonsopedraza,,,,,,,,,,,,,0,,1,2,1,0.25,lazio,,0,0,,0,0,,,,,,,3,4,0.75,40.0,38.0,1.05,30,09/04/1996,,,,6.0,0.0,6.0,Scommessa,1-4
120604,Alhassane,D,Bologna,5.75,2,5.75,0,0,0,0,0,0,0,0,5,4,2026-2027,alhassane,,,,,,,,,,,,,0,,2,0,1,0.5,bologna,,0,0,,0,0,,,,,,,5,4,1.25,46.0,38.0,1.21,24,01/01/2002,,,,5.75,0.2,5.95,Scommessa,1-4
109534,Amey,D,Frosinone,0.0,1,0.0,0,0,0,0,0,0,0,0,5,4,2026-2027,amey,,,,,,,,,,,,,0,,0,1,0,0.0,frosinone,,0,0,,0,0,,,,,,,4,4,1.0,,,,21,11/08/2005,,,,0.0,0.2,0.2,Scommessa,1-4
120272,Arizala,D,Udinese,0.0,1,0.0,0,0,0,0,0,0,0,0,5,4,2026-2027,arizala,Udinese,5.69,5.69,10.0,0.0,0.0,0.0,0.0,0.0,0.0,0.0,0.0,0,-5.69,0,1,0,0.0,udinese,,0,0,,0,0,infortunato,Infortunio al bicipite femorale,06/10/2026,"il difensore fermo dal 6 settembre vittima di una lesione muscolare al bicipite femorale. Condizioni da valutare, ma dovrebbe tornare convocabile dalla prima metà di ottobre.",20.0,,10,4,2.5,48.0,38.0,1.26,21,10/10/2005,,,,4.38,-0.3,4.08,Scommessa,1-4
95257,Aurelio,D,Cagliari,0.0,1,0.0,0,0,0,0,0,0,0,0,5,4,2026-2027,aurelio,,,,,,,,,,,,,0,,0,1,0,0.0,cagliari,,0,0,,0,0,,,,,,,2,4,0.5,53.0,38.0,1.39,26,22/03/2000,,,,0.0,0.2,0.2,Scommessa,1-4
69996,Badiashile,D,Napoli,5.5,1,5.5,0,0,0,0,0,0,0,0,5,4,2026-2027,badiashile,,,,,,,,,,,,,0,,0,1,0,0.0,napoli,,0,0,,0,0,,,,,,,5,4,1.25,36.0,38.0,0.95,25,26/03/2001,,,,5.5,0.2,5.7,Scommessa,1-4
120499,Bakoune,D,Monza,5.75,3,5.75,0,0,0,0,0,0,0,0,5,4,2026-2027,bakoune,,,,,,,,,,,,,0,,1,2,1,0.25,monza,5-3-1,1,1,probabili formazioni,0,0,,,,,,,11,4,2.75,,,,20,06/02/2006,,,,5.75,0.7,6.45,Scommessa,1-4
95361,Balerdi,D,Roma,6.25,2,6.25,0,0,0,0,0,0,0,0,5,4,2026-2027,balerdi,,,,,,,,,,,,,0,,1,1,0,0.25,roma,,0,0,,0,0,,,,,,,1,4,0.25,31.0,38.0,0.82,27,26/01/1999,,,,6.25,0.2,6.45,Scommessa,1-4
118223,Bartesaghi,D,Milan,6.0,2,6.0,0,0,0,0,0,0,0,0,5,4,2026-2027,bartesaghi,Milan,6.31,6.39,31.0,2.0,0.0,0.0,0.0,0.0,0.0,3.0,0.0,0,-0.39,1,1,1,0.25,milan,,0,0,,0,0,,,,,,,4,4,1.0,35.0,38.0,0.92,21,29/12/2005,,,,6.33,0.2,6.53,Scommessa,1-4
61306,Bastoni,D,Inter,6.38,4,6.38,0,0,0,0,0,0,0,0,5,4,2026-2027,bastoni,Inter,6.41,6.52,28.0,1.0,4.0,0.0,0.0,0.0,0.0,6.0,0.0,0,-0.14,4,0,2,1.0,inter,4-3-2,1,1,probabili formazioni,0,0,,,,,,,6,4,1.5,35.0,38.0,0.92,27,13/04/1999,,,,6.48,0.7,7.18,Semi-top,15-29
120135,Belghali,D,Torino,5.75,2,6.0,0,1,0,0,0,0,0,0,5,4,2026-2027,belghali,Verona,5.83,5.94,26.0,2.0,0.0,0.0,0.0,0.0,0.0,6.0,0.0,1,0.06,1,1,1,0.25,torino,,0,0,,0,0,,,,,,,7,4,1.75,61.0,38.0,1.61,24,07/06/2002,,,,5.95,0.2,6.15,Scommessa,1-4
110366,Bella-Kotchap,D,Venezia,5.83,3,5.83,0,0,0,0,0,0,0,0,5,4,2026-2027,bellakotchap,Verona,5.87,5.79,19.0,0.0,0.0,0.0,0.0,0.0,0.0,3.0,0.0,1,0.04,3,0,1,0.75,venezia,,0,0,,0,0,infortunato,,,il difensore costretto al cambio a Frosinone il 6 settembre per un risentimento muscolare mio-fasciale all'adduttore della gamba destra. Recuperabile dall'inizio di ottobre.,,sì,11,4,2.75,61.0,38.0,1.61,25,11/12/2001,,,,5.8,-0.5,5.3,Scommessa,1-4
65433,Bellanova,D,Atalanta,5.67,3,5.5,0,0,0,0,0,0,1,0,5,4,2026-2027,bellanova,Atalanta,6.09,6.07,24.0,0.0,1.0,0.0,0.0,0.0,0.0,2.0,0.0,0,-0.57,2,1,0,0.5,atalanta,4-3-2,1,1,probabili formazioni,0,0,,,,,,,5,4,1.25,36.0,38.0,0.95,26,17/05/2000,,,,5.91,0.7,6.61,Scommessa,1-4
102450,Bernasconi,D,Atalanta,6.0,2,6.0,0,0,0,0,0,0,0,0,5,4,2026-2027,bernasconi,Atalanta,6.16,6.16,23.0,0.0,3.0,0.0,0.0,0.0,0.0,3.0,0.0,0,-0.16,1,1,1,0.25,atalanta,,0,0,,0,0,,,,,,,5,4,1.25,36.0,38.0,0.95,23,16/11/2003,,,,6.13,0.2,6.33,Scommessa,1-4
109914,Bertola,D,Udinese,5.5,3,5.33,0,0,0,0,0,0,1,0,5,4,2026-2027,bertola,Udinese,5.98,5.94,28.0,0.0,1.0,0.0,0.0,0.0,0.0,3.0,0.0,0,-0.61,0,3,0,0.0,udinese,,0,0,,0,0,,,,,,,10,4,2.5,48.0,38.0,1.26,23,23/03/2003,,,,5.79,0.2,5.99,Scommessa,1-4
61216,Birindelli,D,Monza,6.12,4,6.25,0,1,0,0,0,0,0,0,5,4,2026-2027,birindelli,,,,,,,,,,,,,0,,4,0,1,1.0,monza,5-3-1,1,1,probabili formazioni,0,0,,,,,,,11,4,2.75,,,,27,19/07/1999,,,,6.25,0.7,6.95,Medio,5-14
117151,Bisseck,D,Inter,6.75,3,8.25,1,0,0,0,0,0,0,0,5,4,2026-2027,bisseck,Inter,6.44,6.83,23.0,3.0,1.0,0.0,0.0,0.0,0.0,2.0,0.0,0,1.42,2,1,0,0.5,inter,4-3-2,1,1,probabili formazioni,0,0,,,,,,,6,4,1.5,35.0,38.0,0.92,26,29/11/2000,,,,7.23,0.7,7.93,Top,30-50
115179,Bracaglia,D,Frosinone,6.5,4,7.12,1,1,0,0,0,0,2,0,5,4,2026-2027,bracaglia,,,,,,,,,,,,,0,,4,0,2,1.0,frosinone,3-4-3,1,1,probabili formazioni,0,0,,,,,,,4,4,1.0,,,,23,19/07/2003,,,,7.12,0.7,7.82,Top,30-50
67789,Bremer,D,Juventus,6.38,4,7.38,1,0,0,0,0,0,0,0,5,4,2026-2027,bremer,Juventus,6.31,6.81,26.0,4.0,3.0,0.0,0.0,0.0,0.0,5.0,0.0,0,0.57,4,0,0,1.0,juventus,4-3-3,1,1,probabili formazioni,0,0,,,,,,,4,4,1.0,34.0,38.0,0.89,29,18/03/1997,,,,6.99,0.7,7.69,Top,30-50
120151,Britschgi,D,Parma,5.67,3,5.67,0,0,0,0,0,0,0,0,5,4,2026-2027,britschgi,Parma,5.95,5.86,29.0,0.0,2.0,0.0,0.0,0.0,0.0,6.0,0.0,0,-0.19,3,0,3,0.75,parma,4-2-2,1,1,probabili formazioni,0,0,,,,,,,6,4,1.5,46.0,38.0,1.21,20,27/08/2006,,,,5.82,0.7,6.52,Scommessa,1-4
43291,Caleta-Car,D,Sassuolo,0.0,1,0.0,0,0,0,0,0,0,0,0,5,4,2026-2027,caletacar,,,,,,,,,,,,,0,,0,1,0,0.0,sassuolo,,0,0,,0,0,,,,,,,7,4,1.75,50.0,38.0,1.32,30,17/09/1996,,,,0.0,0.0,0.0,Scommessa,1-4
115833,Calvani,D,Frosinone,5.88,4,5.62,0,0,0,0,0,0,2,0,5,4,2026-2027,calvani,,,,,,,,,,,,,0,,4,0,1,1.0,frosinone,,0,0,,0,0,,,,,,,4,4,1.0,,,,22,12/01/2004,,,,5.62,0.2,5.82,Scommessa,1-4
102281,Cambiaso,D,Juventus,5.5,2,5.0,0,0,0,0,0,0,1,0,5,4,2026-2027,cambiaso,Juventus,6.25,6.43,36.0,3.0,4.0,0.0,0.0,0.0,0.0,3.0,1.0,0,-1.43,0,2,1,0.0,juventus,,0,0,,0,0,infortunato,,,,,,4,4,1.0,34.0,38.0,0.89,26,20/02/2000,,,,6.23,0.0,6.23,Scommessa,1-4
95196,Carboni,D,Monza,5.75,4,5.75,0,0,0,0,0,0,0,0,5,4,2026-2027,carboni,,,,,,,,,,,,,0,,4,0,1,1.0,monza,5-3-1,1,1,probabili formazioni,0,0,,,,,,,11,4,2.75,,,,25,04/02/2001,,,,5.75,0.7,6.45,Scommessa,1-4
102058,Carlos Augusto,D,Inter,6.75,2,8.5,1,1,0,0,0,0,0,0,5,4,2026-2027,carlosaugusto,Inter,6.09,6.1,34.0,1.0,1.0,0.0,0.0,0.0,0.0,6.0,0.0,0,2.4,1,1,0,0.25,inter,,0,0,,0,0,,,,,,,6,4,1.5,35.0,38.0,0.92,27,07/01/1999,,,,6.46,0.2,6.66,Scommessa,1-4
66280,Celik,D,Juventus,6.38,4,6.25,0,0,0,0,0,0,1,0,5,4,2026-2027,celik,Roma,6.26,6.32,34.0,1.0,2.0,0.0,0.0,0.0,0.0,2.0,1.0,1,-0.07,4,0,2,1.0,juventus,4-3-3,1,1,probabili formazioni,0,0,,,,,,,4,4,1.0,31.0,38.0,0.82,29,17/02/1997,,,,6.3,0.7,7.0,Medio,5-14
95318,Chalobah,D,Como,6.33,3,6.33,0,0,0,0,0,0,0,0,5,4,2026-2027,chalobah,,,,,,,,,,,,,0,,3,0,0,0.75,como,,0,1,stima da presenze,0,0,,,,,,,4,4,1.0,29.0,38.0,0.76,27,05/07/1999,,,obiettivo mercato,6.33,0.7,7.03,Medio,5-14
112395,Cittadini,D,Frosinone,6.25,4,6.12,0,0,0,0,0,0,1,0,5,4,2026-2027,cittadini,,,,,,,,,,,,,0,,3,1,2,0.75,frosinone,3-4-3,1,1,probabili formazioni,0,0,,,,,,,4,4,1.0,,,,24,18/04/2002,,,,6.12,0.7,6.82,Medio,5-14
54144,Comert,D,Torino,6.17,3,6.33,0,1,0,0,0,0,0,0,5,4,2026-2027,comert,,,,,,,,,,,,,0,,3,0,1,0.75,torino,3-4-1,1,1,probabili formazioni,0,0,,,,,,,7,4,1.75,63.0,38.0,1.66,28,04/02/1998,,,,6.33,0.7,7.03,Medio,5-14
118201,Comuzzo,D,Torino,6.25,4,7.0,1,0,0,0,0,0,0,0,5,4,2026-2027,comuzzo,Fiorentina,5.94,5.94,27.0,1.0,0.0,0.0,0.0,0.0,0.0,2.0,0.0,1,1.06,4,0,2,1.0,torino,3-4-1,1,1,probabili formazioni,0,0,,,,,,,7,4,1.75,50.0,38.0,1.32,21,20/02/2005,,,,6.27,0.7,6.97,Medio,5-14
119839,Danilo Veiga,D,Lecce,6.12,4,6.0,0,1,0,0,0,0,2,0,5,4,2026-2027,daniloveiga,Lecce,6.0,5.89,36.0,0.0,1.0,0.0,0.0,0.0,0.0,9.0,0.0,0,0.11,4,0,0,1.0,lecce,4-3-1,1,1,probabili formazioni,0,0,,,,,,,7,4,1.75,50.0,38.0,1.32,24,25/09/2002,,,,5.92,0.7,6.62,Scommessa,1-4
102806,De Winter,D,Milan,6.38,4,6.25,0,0,0,0,0,0,1,0,5,4,2026-2027,dewinter,Milan,6.0,6.12,26.0,1.0,1.0,0.0,0.0,0.0,0.0,1.0,0.0,0,0.13,4,0,0,1.0,milan,3-5-1,1,1,probabili formazioni,0,0,,,,,,,4,4,1.0,35.0,38.0,0.92,24,12/06/2002,,,,6.16,0.7,6.86,Medio,5-14
66418,Delprato,D,Parma,5.88,4,5.75,0,0,0,0,0,0,1,0,5,4,2026-2027,delprato,Parma,5.97,6.09,35.0,2.0,0.0,0.0,0.0,0.0,0.0,5.0,0.0,0,-0.34,4,0,0,1.0,parma,4-2-2,1,1,probabili formazioni,0,0,,,,,,,6,4,1.5,46.0,38.0,1.21,27,10/11/1999,,,,6.0,0.7,6.7,Scommessa,1-4
20809,Di Lorenzo,D,Napoli,6.25,4,6.25,0,1,0,0,0,0,1,0,5,4,2026-2027,dilorenzo,Napoli,6.21,6.46,26.0,2.0,1.0,0.0,0.0,0.0,0.0,1.0,0.0,0,-0.21,4,0,0,1.0,napoli,4-4-1,1,1,probabili formazioni,0,0,,,,,,,5,4,1.25,36.0,38.0,0.95,33,04/08/1993,,,,6.39,0.2,6.59,Scommessa,1-4
50946,Diego Carlos,D,Parma,5.5,2,5.5,0,0,0,0,0,0,0,0,5,4,2026-2027,diegocarlos,Como 1907,6.06,6.06,27.0,1.0,0.0,0.0,0.0,0.0,0.0,8.0,0.0,1,-0.56,2,0,1,0.5,parma,,0,0,,0,0,,,,,,,6,4,1.5,29.0,38.0,0.76,33,15/03/1993,,,,5.96,-0.3,5.66,Scommessa,1-4
49778,Dimarco,D,Inter,6.62,4,6.75,0,1,0,0,0,0,0,0,5,4,2026-2027,dimarco,Inter,6.9,7.72,35.0,7.0,16.0,0.0,0.0,0.0,0.0,3.0,0.0,0,-0.97,3,1,1,0.75,inter,4-3-2,1,1,probabili formazioni,0,2,,,,,,,6,4,1.5,35.0,38.0,0.92,29,10/11/1997,,,,7.47,0.7,8.17,Top,30-50
69271,Diogo Leite,D,Lazio,0.0,1,0.0,0,0,0,0,0,0,0,0,5,4,2026-2027,diogoleite,,,,,,,,,,,,,0,,0,1,0,0.0,lazio,,0,0,,0,0,,,,,,,3,4,0.75,40.0,38.0,1.05,27,23/01/1999,,,,0.0,0.2,0.2,Scommessa,1-4
65906,Dodô,D,Fiorentina,5.5,1,5.5,0,0,0,0,0,0,0,0,5,4,2026-2027,dodo,Fiorentina,6.06,6.07,36.0,1.0,2.0,0.0,0.0,0.0,0.0,7.0,0.0,0,-0.57,1,0,0,0.25,fiorentina,,0,0,,0,0,,,,,,,11,4,2.75,50.0,38.0,1.32,28,17/11/1998,,,,6.03,0.2,6.23,Scommessa,1-4
113511,Doekhi,D,Lazio,6.67,3,6.83,0,1,0,0,0,0,0,0,5,4,2026-2027,doekhi,,,,,,,,,,,,,0,,3,0,0,0.75,lazio,,0,0,,0,0,infortunato,,,,,,3,4,0.75,40.0,38.0,1.05,28,30/06/1998,,,,6.83,0.0,6.83,Medio,5-14
114323,Doig,D,Sassuolo,6.75,4,7.5,1,0,0,0,0,0,0,0,5,4,2026-2027,doig,Sassuolo,5.89,5.8,30.0,0.0,0.0,0.0,0.0,0.0,0.0,5.0,0.0,0,1.7,4,0,2,1.0,sassuolo,2-4-3,1,1,probabili formazioni,0,0,,,,,,,7,4,1.75,50.0,38.0,1.32,24,18/05/2002,,,,6.29,0.7,6.99,Medio,5-14
102945,Dragusin,D,Fiorentina,6.0,4,6.0,0,1,0,0,0,0,1,0,5,4,2026-2027,dragusin,,,,,,,,,,,,,0,,4,0,0,1.0,fiorentina,4-4-0,1,1,probabili formazioni,0,0,,,,,,,11,4,2.75,50.0,38.0,1.32,24,03/02/2002,,,,6.0,0.7,6.7,Medio,5-14
120283,Drobnic,D,Parma,6.0,1,6.0,0,0,0,0,0,0,0,0,5,4,2026-2027,drobnic,,,,,,,,,,,,,0,,1,0,0,0.25,parma,,0,0,,0,0,,,,,,,6,4,1.5,46.0,38.0,1.21,19,05/04/2007,,,,6.0,0.2,6.2,Scommessa,1-4
95264,Ebosse,D,Udinese,5.88,4,5.88,0,0,0,0,0,0,0,0,5,4,2026-2027,ebosse,Torino,5.97,5.91,13.0,0.0,1.0,0.0,0.0,0.0,0.0,3.0,0.0,1,-0.03,3,1,1,0.75,udinese,5-3-1,1,1,probabili formazioni,0,0,,,,,,,10,4,2.5,63.0,38.0,1.66,27,11/03/1999,,,,5.9,0.7,6.6,Scommessa,1-4
49392,Ehizibue,D,Genoa,6.0,2,5.75,0,0,0,0,0,0,1,0,5,4,2026-2027,ehizibue,Udinese,5.94,6.11,32.0,2.0,0.0,0.0,0.0,0.0,0.0,5.0,0.0,1,-0.36,1,1,1,0.25,genoa,,0,0,,0,0,,,,,,,8,4,2.0,48.0,38.0,1.26,31,25/05/1995,,,,6.05,0.0,6.05,Scommessa,1-4
59174,Estupinan,D,Milan,6.33,4,6.17,0,0,0,0,0,0,1,0,5,4,2026-2027,estupinan,Milan,5.97,6.03,19.0,1.0,1.0,0.0,0.0,0.0,0.0,5.0,1.0,0,0.14,3,1,2,0.75,milan,,0,0,,0,0,,,,,,,4,4,1.0,35.0,38.0,0.92,28,21/01/1998,,,,6.08,0.2,6.28,Scommessa,1-4
115463,Favasuli,D,Napoli,7.0,1,7.5,0,1,0,0,0,0,0,0,5,4,2026-2027,favasuli,,,,,,,,,,,,,0,,0,1,0,0.0,napoli,,0,0,,0,0,,,,,,,5,4,1.25,36.0,38.0,0.95,22,26/04/2004,,,,7.5,0.2,7.7,Top,30-50
111607,Floriani Mussolini,D,Lazio,6.25,4,6.12,0,0,0,0,0,0,1,0,5,4,2026-2027,florianimussolini,Cremonese,5.75,5.73,28.0,0.0,1.0,0.0,0.0,0.0,0.0,2.0,0.0,1,0.39,3,1,2,0.75,lazio,3-4-2,1,1,probabili formazioni,0,0,,,,,,,3,4,0.75,57.0,38.0,1.5,23,27/01/2003,,,,5.85,0.7,6.55,Scommessa,1-4
119515,Fortini,D,Torino,6.0,4,6.0,0,0,0,0,0,0,0,0,5,4,2026-2027,fortini,Fiorentina,5.72,5.72,16.0,0.0,0.0,0.0,0.0,0.0,0.0,0.0,0.0,1,0.28,3,1,3,0.75,torino,,0,0,,0,0,,,,,,,7,4,1.75,50.0,38.0,1.32,20,13/02/2006,,,,5.84,0.2,6.04,Scommessa,1-4
95957,Franjic,D,Venezia,6.0,2,6.0,0,0,0,0,0,0,0,0,5,4,2026-2027,franjic,,,,,,,,,,,,,0,,2,0,1,0.5,venezia,,0,0,,0,0,infortunato,Infortunio alla spalla,07/12/2026,il difensore costretto al cambio a Milano contro i rossoneri a fine agosto per un guaio alla spalla che ha richiesto l'intervento chirurgico. Lungo stop e rientro dalla metà di dicembre.,82.0,sì,11,4,2.75,,,,26,14/01/2000,,,,6.0,-0.5,5.5,Scommessa,1-4
62553,Gabbia,D,Milan,5.5,2,5.5,0,0,0,0,0,0,0,0,5,4,2026-2027,gabbia,Milan,6.03,5.97,30.0,0.0,0.0,0.0,0.0,0.0,0.0,4.0,0.0,0,-0.47,0,2,0,0.0,milan,,0,0,,0,0,,,,,,,4,4,1.0,35.0,38.0,0.92,27,21/10/1999,,,,5.89,0.2,6.09,Scommessa,1-4
69407,Gallo,D,Lecce,6.0,3,6.0,0,0,0,0,0,0,0,0,5,4,2026-2027,gallo,Lecce,6.0,6.01,37.0,0.0,4.0,0.0,0.0,0.0,0.0,3.0,0.0,0,-0.01,3,0,1,0.75,lecce,4-3-1,1,1,probabili formazioni,0,0,,,,,,,7,4,1.75,50.0,38.0,1.32,26,05/01/2000,,,,6.01,0.7,6.71,Medio,5-14
110166,Gatti,D,Juventus,6.5,1,9.5,1,0,0,0,0,0,1,0,5,4,2026-2027,gatti,Juventus,6.11,6.44,21.0,2.0,0.0,0.0,0.0,0.0,0.0,3.0,0.0,0,3.06,0,1,0,0.0,juventus,,0,0,,0,0,,,,,,,4,4,1.0,34.0,38.0,0.89,28,24/06/1998,,,,6.82,0.2,7.02,Medio,5-14
118068,Ghilardi,D,Roma,6.0,2,6.0,0,0,0,0,0,0,0,0,5,4,2026-2027,ghilardi,Roma,6.0,5.98,23.0,0.0,0.0,0.0,0.0,0.0,0.0,1.0,0.0,0,0.02,1,1,0,0.25,roma,,0,0,,0,0,,,,,,,1,4,0.25,31.0,38.0,0.82,23,06/01/2003,,,,5.98,0.2,6.18,Scommessa,1-4
111487,Halhal,D,Venezia,5.25,2,4.0,0,0,0,0,0,0,1,0,5,4,2026-2027,halhal,,,,,,,,,,,,,0,,1,1,0,0.25,venezia,3-2-2,1,1,probabili formazioni,0,0,,,,,,,11,4,2.75,,,,23,05/03/2003,,,,4.0,0.7,4.7,Scommessa,1-4
38177,Haps,D,Venezia,6.0,4,6.0,0,1,0,0,0,0,1,0,5,4,2026-2027,haps,,,,,,,,,,,,,0,,3,1,2,0.75,venezia,3-2-2,1,1,probabili formazioni,0,0,,,,,,,11,4,2.75,,,,33,12/06/1993,,,,6.0,0.2,6.2,Scommessa,1-4
105359,Heggem,D,Bologna,5.5,4,5.38,0,0,0,0,0,0,1,0,5,4,2026-2027,heggem,Bologna,5.96,5.92,27.0,0.0,0.0,0.0,0.0,0.0,0.0,0.0,1.0,0,-0.54,4,0,0,1.0,bologna,4-3-2,1,1,probabili formazioni,0,0,,,,,,,5,4,1.25,46.0,38.0,1.21,27,12/01/1999,,,,5.75,0.7,6.45,Scommessa,1-4
120286,Helland,D,Bologna,6.25,2,6.25,0,0,0,0,0,0,0,0,5,4,2026-2027,helland,Bologna,5.93,5.79,6.0,0.0,0.0,0.0,0.0,0.0,0.0,2.0,0.0,0,0.46,2,0,0,0.5,bologna,,0,0,,0,0,,,,,,,5,4,1.25,46.0,38.0,1.21,21,25/04/2005,,,,6.02,0.2,6.22,Scommessa,1-4
98169,Holm,D,Bologna,6.12,4,6.0,0,0,0,0,0,0,1,0,5,4,2026-2027,holm,Juventus,6.22,6.22,8.0,0.0,0.0,0.0,0.0,0.0,0.0,0.0,0.0,1,-0.22,3,1,1,0.75,bologna,4-3-2,1,1,probabili formazioni,0,0,,,,,,,5,4,1.25,34.0,38.0,0.89,26,13/05/2000,,,,6.09,0.7,6.79,Medio,5-14
117802,Idzes,D,Sassuolo,5.83,3,5.67,0,0,0,0,0,0,1,0,5,4,2026-2027,idzes,Sassuolo,5.96,5.93,35.0,0.0,0.0,0.0,0.0,0.0,0.0,2.0,0.0,0,-0.26,3,0,1,0.75,sassuolo,,0,0,,0,0,infortunato,Stiramento alla coscia,,"Il difensorr ai box per una lesione di grado moderato al quadricipite della gamba sinistra, proverà a tornerà arruolabile dalla seconda metà di ottobre.",,sì,7,4,1.75,50.0,38.0,1.32,26,02/06/2000,,,,5.88,-0.5,5.38,Scommessa,1-4
58739,Ismajli,D,Torino,5.83,3,5.83,0,0,0,0,0,0,0,0,5,4,2026-2027,ismajli,Torino,6.06,5.98,25.0,0.0,1.0,0.0,0.0,0.0,0.0,5.0,0.0,0,-0.15,1,2,0,0.25,torino,,0,0,,0,0,,,,,,,7,4,1.75,63.0,38.0,1.66,30,30/09/1996,,,,5.94,0.0,5.94,Scommessa,1-4
119152,Jacobo Ramon,D,Como,6.5,4,7.25,1,0,0,0,0,0,0,0,5,4,2026-2027,jacoboramon,Como 1907,6.16,6.14,32.0,2.0,0.0,0.0,0.0,0.0,0.0,11.0,1.0,0,1.11,4,0,0,1.0,como,,0,1,stima da presenze,0,0,,,,,,,4,4,1.0,29.0,38.0,0.76,21,06/01/2005,,,obiettivo mercato,6.44,0.7,7.14,Semi-top,15-29
95701,Joao Mario,D,Fiorentina,5.75,3,5.75,0,0,0,0,0,0,0,0,5,4,2026-2027,joaomario,Bologna,6.0,6.13,10.0,1.0,0.0,0.0,0.0,0.0,0.0,1.0,0.0,1,-0.38,2,1,1,0.5,fiorentina,,0,0,,0,0,,,,,,,11,4,2.75,46.0,38.0,1.21,26,03/01/2000,,,,5.95,0.2,6.15,Scommessa,1-4
17861,Juan Jesus,D,Venezia,6.0,1,6.0,0,0,0,0,0,0,0,0,5,4,2026-2027,juanjesus,Napoli,6.0,5.79,24.0,0.0,0.0,0.0,0.0,0.0,0.0,9.0,0.0,1,0.21,0,1,0,0.0,venezia,,0,0,,0,0,,,,,,,11,4,2.75,36.0,38.0,0.95,35,10/06/1991,,,,5.81,-0.3,5.51,Scommessa,1-4
66177,Juan Miranda,D,Bologna,6.17,3,6.33,0,1,0,0,0,0,0,0,5,4,2026-2027,juanmiranda,Bologna,6.23,6.27,32.0,1.0,3.0,0.0,0.0,0.0,0.0,6.0,0.0,0,0.06,2,1,0,0.5,bologna,4-3-2,1,1,probabili formazioni,0,0,,,,,,,5,4,1.25,46.0,38.0,1.21,26,19/01/2000,,,,6.28,0.7,6.98,Medio,5-14
37476,Kabasele,D,Udinese,5.5,2,5.5,0,0,0,0,0,0,0,0,5,4,2026-2027,kabasele,Udinese,6.02,6.27,30.0,3.0,0.0,0.0,0.0,0.0,0.0,5.0,1.0,0,-0.77,1,1,0,0.25,udinese,5-3-1,1,1,probabili formazioni,0,0,,,,,,,10,4,2.5,48.0,38.0,1.26,35,24/02/1991,,,,6.14,0.2,6.34,Scommessa,1-4
120438,Kaiki,D,Como,6.5,2,8.5,1,0,0,0,0,0,0,0,5,4,2026-2027,kaiki,,,,,,,,,,,,,0,,1,1,0,0.25,como,,0,0,,0,0,,,,,,,4,4,1.0,29.0,38.0,0.76,23,08/03/2003,,,,8.5,0.2,8.7,Top,30-50
101889,Kalulu,D,Juventus,6.38,4,6.38,0,0,0,0,0,0,0,0,5,4,2026-2027,kalulu,Juventus,6.22,6.42,37.0,2.0,4.0,0.0,0.0,0.0,0.0,3.0,0.0,0,-0.04,4,0,0,1.0,juventus,4-3-3,1,1,probabili formazioni,0,0,,,,,,,4,4,1.0,34.0,38.0,0.89,26,05/06/2000,,,,6.41,0.7,7.11,Semi-top,15-29
56975,Kamara,D,Udinese,6.75,4,8.38,2,1,0,0,0,0,0,0,5,4,2026-2027,kamara,Udinese,6.0,5.94,26.0,0.0,2.0,0.0,0.0,0.0,0.0,5.0,0.0,0,2.44,4,0,0,1.0,udinese,5-3-1,1,1,probabili formazioni,0,0,,,,,,,10,4,2.5,48.0,38.0,1.26,32,05/03/1994,,,,6.71,0.2,6.91,Medio,5-14
71322,Kelly,D,Juventus,5.67,3,5.67,0,0,0,0,0,0,0,0,5,4,2026-2027,kelly,Juventus,6.03,6.07,35.0,1.0,1.0,0.0,0.0,0.0,0.0,4.0,0.0,0,-0.4,1,2,0,0.25,juventus,,0,0,,0,0,squalificato,,,,,,4,4,1.0,34.0,38.0,0.89,28,06/10/1998,,,,5.99,0.0,5.99,Scommessa,1-4
95128,Kempf,D,Como,6.0,2,6.0,0,0,0,0,0,0,0,0,5,4,2026-2027,kempf,Como 1907,6.06,6.45,34.0,4.0,1.0,0.0,0.0,0.0,0.0,3.0,0.0,0,-0.45,1,1,0,0.25,como,,0,0,,0,0,,,,,,,4,4,1.0,29.0,38.0,0.76,31,28/01/1995,,,,6.38,0.0,6.38,Scommessa,1-4
119711,Kialonda Gaspar,D,Lecce,5.83,3,5.5,0,0,0,0,0,0,2,0,5,4,2026-2027,kialondagaspar,Lecce,5.77,5.59,23.0,0.0,0.0,0.0,0.0,0.0,0.0,6.0,1.0,0,-0.09,3,0,1,0.75,lecce,,0,0,,0,0,,,,,,,7,4,1.75,50.0,38.0,1.32,29,27/09/1997,,,,5.56,0.2,5.76,Scommessa,1-4
115107,Kofler,D,Cagliari,5.67,3,5.67,0,0,0,0,0,0,0,0,5,4,2026-2027,kofler,,,,,,,,,,,,,0,,0,3,0,0.0,cagliari,,0,0,,0,0,,,,,,,2,4,0.5,53.0,38.0,1.39,21,26/04/2005,,,,5.67,0.2,5.87,Scommessa,1-4
17350,Kolasinac,D,Atalanta,5.62,4,5.62,0,0,0,0,0,0,0,0,5,4,2026-2027,kolasinac,Atalanta,5.97,5.88,19.0,0.0,0.0,0.0,0.0,0.0,0.0,3.0,0.0,0,-0.26,3,1,3,0.75,atalanta,4-3-2,1,1,probabili formazioni,0,0,,,,,,,5,4,1.25,36.0,38.0,0.95,33,20/06/1993,,,,5.78,0.2,5.98,Scommessa,1-4
95516,Kossounou,D,Atalanta,6.0,4,6.0,0,0,0,0,0,0,0,0,5,4,2026-2027,kossounou,Atalanta,5.97,6.18,19.0,1.0,0.0,0.0,0.0,0.0,0.0,1.0,0.0,0,-0.18,4,0,0,1.0,atalanta,4-3-2,1,1,probabili formazioni,0,0,,,,,,,5,4,1.25,36.0,38.0,0.95,25,04/01/2001,,,,6.11,0.7,6.81,Medio,5-14
119765,Kouadio,D,Monza,6.0,4,5.88,0,0,0,0,0,0,1,0,5,4,2026-2027,kouadio,Fiorentina,5.75,5.75,3.0,0.0,0.0,0.0,0.0,0.0,0.0,0.0,0.0,1,0.13,4,0,1,1.0,monza,5-3-1,1,1,probabili formazioni,0,0,,,,,,,11,4,2.75,50.0,38.0,1.32,20,07/05/2006,,,,5.85,0.7,6.55,Scommessa,1-4
120431,Koulierakis,D,Roma,6.0,1,6.0,0,0,0,0,0,0,0,0,5,4,2026-2027,koulierakis,,,,,,,,,,,,,0,,0,1,0,0.0,roma,,0,0,,0,0,,,,,,,1,4,0.25,31.0,38.0,0.82,23,28/11/2003,,,,6.0,0.2,6.2,Scommessa,1-4
59671,Lazzari,D,Lazio,5.5,2,5.5,0,0,0,0,0,0,0,0,5,4,2026-2027,lazzari,Lazio,5.79,5.74,23.0,0.0,0.0,0.0,0.0,0.0,0.0,2.0,0.0,0,-0.24,0,2,0,0.0,lazio,,0,0,,0,0,,,,,,,3,4,0.75,40.0,38.0,1.05,33,29/11/1993,,,,5.69,-0.3,5.39,Scommessa,1-4
116659,Leysen,D,Sassuolo,6.12,4,6.12,0,1,0,0,0,0,1,0,5,4,2026-2027,leysen,,,,,,,,,,,,,0,,3,1,0,0.75,sassuolo,2-4-3,1,1,probabili formazioni,0,0,,,,,,,7,4,1.75,50.0,38.0,1.32,23,09/07/2003,,,,6.12,0.7,6.82,Medio,5-14
118057,Lucchesi,D,Monza,5.88,4,5.62,0,0,0,0,0,0,2,0,5,4,2026-2027,lucchesi,,,,,,,,,,,,,0,,4,0,2,1.0,monza,5-3-1,1,1,probabili formazioni,0,0,,,,,,,11,4,2.75,,,,23,09/05/2003,,,,5.62,0.7,6.32,Scommessa,1-4
68545,Lucumi,D,Juventus,5.5,3,5.17,0,0,0,0,0,0,2,0,5,4,2026-2027,lucumi,Bologna,5.97,5.98,29.0,1.0,0.0,0.0,0.0,0.0,0.0,5.0,0.0,1,-0.81,3,0,2,0.75,juventus,4-3-3,1,1,probabili formazioni,0,0,,,,,,,4,4,1.0,46.0,38.0,1.21,28,26/06/1998,,,,5.79,0.7,6.49,Scommessa,1-4
120128,Lulli,D,Roma,6.38,4,6.38,0,0,0,0,0,0,0,0,5,4,2026-2027,lulli,,,,,,,,,,,,,0,,4,0,2,1.0,roma,4-2-3,1,1,probabili formazioni,0,0,,,,,,,1,4,0.25,31.0,38.0,0.82,19,17/08/2007,,,,6.38,0.7,7.08,Semi-top,15-29
49438,Mancini,D,Roma,6.88,4,7.0,0,1,0,0,0,0,0,0,5,4,2026-2027,mancini,Roma,6.22,6.51,36.0,4.0,2.0,0.0,0.0,0.0,0.0,9.0,0.0,0,0.49,4,0,1,1.0,roma,4-2-3,1,1,probabili formazioni,0,0,,,,,,,1,4,0.25,31.0,38.0,0.82,30,17/04/1996,,,,6.63,0.5,7.13,Semi-top,15-29
117727,Marcandalli,D,Genoa,5.62,4,5.62,0,0,0,0,0,0,0,0,5,4,2026-2027,marcandalli,Genoa,5.9,5.87,32.0,0.0,2.0,0.0,0.0,0.0,0.0,4.0,0.0,0,-0.25,4,0,1,1.0,genoa,2-4-1,1,1,probabili formazioni,0,0,,,,,,,8,4,2.0,51.0,38.0,1.34,24,25/10/2002,,,,5.8,0.7,6.5,Scommessa,1-4
112625,Mario Gila,D,Milan,6.12,4,6.0,0,0,0,0,0,0,1,0,5,4,2026-2027,mariogila,Lazio,6.06,5.98,31.0,0.0,0.0,0.0,0.0,0.0,0.0,4.0,1.0,1,0.02,4,0,3,1.0,milan,3-5-1,1,1,probabili formazioni,0,0,,,,,,,4,4,1.0,40.0,38.0,1.05,26,29/08/2000,,,,5.99,0.7,6.69,Scommessa,1-4
63346,Mario Hermoso,D,Roma,6.88,4,7.38,1,0,0,0,0,0,2,0,5,4,2026-2027,mariohermoso,Roma,6.11,6.33,27.0,3.0,2.0,0.0,0.0,0.0,0.0,9.0,0.0,0,1.05,4,0,1,1.0,roma,4-2-3,1,1,probabili formazioni,0,0,,,,,,,1,4,0.25,31.0,38.0,0.82,31,18/06/1995,,,,6.65,0.5,7.15,Semi-top,15-29
63096,Marusic,D,Lazio,6.0,1,6.0,0,0,0,0,0,0,0,0,5,4,2026-2027,marusic,Lazio,6.11,6.21,33.0,1.0,2.0,0.0,0.0,0.0,0.0,1.0,1.0,0,-0.21,1,0,1,0.25,lazio,,0,0,,0,0,infortunato,,,il terzino dei biancocelesti KO il 24 agosto a Bologna vittima di una lesione muscolare alla coscia. Ipotesi rientro da inizio ottobre.,,sì,3,4,0.75,40.0,38.0,1.05,34,17/10/1992,,,,6.19,-1.0,5.19,Scommessa,1-4
120232,Maye,D,Monza,0.0,1,0.0,0,0,0,0,0,0,0,0,5,4,2026-2027,maye,,,,,,,,,,,,,0,,0,1,0,0.0,monza,,0,0,,0,0,,,,,,,11,4,2.75,,,,20,21/03/2006,,,,0.0,0.2,0.2,Scommessa,1-4
101890,Molina,D,Roma,6.33,3,6.33,0,0,0,0,0,0,0,0,5,4,2026-2027,molina,,,,,,,,,,,,,0,,1,2,0,0.25,roma,,0,0,,0,0,,,,,,,1,4,0.25,31.0,38.0,0.82,28,06/04/1998,,,,6.33,0.2,6.53,Scommessa,1-4
78237,Monterisi,D,Frosinone,5.88,4,5.88,0,0,0,0,0,0,0,0,5,4,2026-2027,monterisi,,,,,,,,,,,,,0,,2,2,1,0.5,frosinone,,0,0,,0,0,,,,,,,4,4,1.0,,,,25,19/12/2001,,,,5.88,0.2,6.08,Scommessa,1-4
119769,Moreno,D,Venezia,5.5,2,5.25,0,0,0,0,0,0,1,0,5,4,2026-2027,moreno,,,,,,,,,,,,,0,,1,1,1,0.25,venezia,,0,0,,0,0,infortunato,Infortunio muscolare,,,,,11,4,2.75,,,,23,24/09/2003,,,,5.25,0.0,5.25,Scommessa,1-4
119948,Ndaba,D,Lecce,5.75,2,5.75,0,0,0,0,0,0,0,0,5,4,2026-2027,ndaba,Lecce,5.75,5.75,14.0,0.0,0.0,0.0,0.0,0.0,0.0,0.0,0.0,0,0.0,1,1,0,0.25,lecce,,0,0,,0,0,,,,,,,7,4,1.75,50.0,38.0,1.32,27,25/12/1999,,,,5.75,0.2,5.95,Scommessa,1-4
106152,Ndiaye,D,Parma,5.5,1,5.5,0,0,0,0,0,0,0,0,5,4,2026-2027,ndiaye,Parma,5.79,5.58,11.0,0.0,0.0,0.0,0.0,0.0,0.0,4.0,0.0,0,-0.08,1,0,0,0.25,parma,,0,0,,0,0,,,,,,,6,4,1.5,46.0,38.0,1.21,24,10/04/2002,,,,5.56,0.2,5.76,Scommessa,1-4
67743,Ndicka,D,Roma,6.5,2,6.5,0,0,0,0,0,0,0,0,5,4,2026-2027,ndicka,Roma,6.23,6.44,31.0,3.0,0.0,0.0,0.0,0.0,0.0,5.0,0.0,0,0.06,2,0,1,0.5,roma,,0,0,,0,0,infortunato,,,,,,1,4,0.25,31.0,38.0,0.82,27,20/08/1999,,,,6.45,0.0,6.45,Scommessa,1-4
72863,Nuno Tavares,D,Lazio,6.38,4,6.5,0,1,0,0,0,0,0,0,5,4,2026-2027,nunotavares,Lazio,6.07,5.95,23.0,0.0,0.0,0.0,0.0,0.0,0.0,5.0,0.0,0,0.55,3,1,1,0.75,lazio,3-4-2,1,1,probabili formazioni,0,0,,,,,,,3,4,0.75,40.0,38.0,1.05,26,26/01/2000,,,,6.14,0.7,6.84,Medio,5-14
110625,Obert,D,Cagliari,6.62,4,6.62,0,0,0,0,0,0,0,0,5,4,2026-2027,obert,Cagliari,6.06,5.96,35.0,0.0,3.0,0.0,0.0,0.0,0.0,9.0,0.0,0,0.66,4,0,1,1.0,cagliari,2-6-1,1,1,probabili formazioni,0,0,,,,,,,2,4,0.5,53.0,38.0,1.39,24,23/08/2002,,,,6.13,0.7,6.83,Medio,5-14
115158,Odenthal,D,Sassuolo,6.5,1,9.5,1,0,0,0,0,0,0,0,5,4,2026-2027,odenthal,,,,,,,,,,,,,0,,1,0,0,0.25,sassuolo,,0,0,,0,0,,,,,,,7,4,1.75,50.0,38.0,1.32,26,26/09/2000,,,,9.5,0.2,9.7,Top,30-50
64709,Olivera,D,Napoli,5.75,3,5.75,0,0,0,0,0,0,0,0,5,4,2026-2027,olivera,Napoli,6.04,5.98,25.0,0.0,0.0,0.0,0.0,0.0,0.0,3.0,0.0,0,-0.23,1,2,1,0.25,napoli,,0,0,,0,0,,,,,,,5,4,1.25,36.0,38.0,0.95,29,31/10/1997,,,,5.92,0.2,6.12,Scommessa,1-4
119821,Otoa,D,Genoa,5.5,1,5.5,0,0,0,0,0,0,0,0,5,4,2026-2027,otoa,Genoa,5.77,5.55,13.0,0.0,0.0,0.0,0.0,0.0,0.0,1.0,0.0,0,-0.05,0,1,0,0.0,genoa,,0,0,,0,0,,,,,,,8,4,2.0,51.0,38.0,1.34,22,13/05/2004,,,,5.54,0.2,5.74,Scommessa,1-4
113048,Oyono,D,Frosinone,6.62,4,6.62,0,1,0,0,0,0,1,0,5,4,2026-2027,oyono,,,,,,,,,,,,,0,,3,1,0,0.75,frosinone,3-4-3,1,1,probabili formazioni,0,0,,,,,,,4,4,1.0,,,,25,12/04/2001,,,,6.62,0.7,7.32,Semi-top,15-29
119561,Palma,D,Udinese,5.5,1,5.5,0,0,0,0,0,0,0,0,5,4,2026-2027,palma,,,,,,,,,,,,,0,,1,0,1,0.25,udinese,,0,0,,0,0,infortunato,Infortunio muscolare,28/09/2026,il difensore nel primo turno di A contro il Como costretto al cambio per un lieve problema muscolare all'adduttore della coscia destra che lo terrà ai box fino alla fine di settembre.,12.0,,10,4,2.5,48.0,38.0,1.26,18,13/03/2008,,,,5.5,0.0,5.5,Scommessa,1-4
98928,Patterson,D,Torino,5.5,1,5.5,0,0,0,0,0,0,0,0,5,4,2026-2027,patterson,,,,,,,,,,,,,0,,0,1,0,0.0,torino,,0,0,,0,0,,,,,,,7,4,1.75,63.0,38.0,1.66,25,16/10/2001,,,,5.5,0.2,5.7,Scommessa,1-4
49976,Pavard,D,Inter,6.0,2,6.0,0,0,0,0,0,0,0,0,5,4,2026-2027,pavard,,,,,,,,,,,,,0,,1,1,0,0.25,inter,,0,0,,0,0,,,,,,,6,4,1.5,35.0,38.0,0.92,30,28/03/1996,,,,6.0,0.0,6.0,Scommessa,1-4
70846,Pavlovic,D,Milan,6.12,4,5.88,0,0,0,0,0,0,2,0,5,4,2026-2027,pavlovic,Milan,6.17,6.61,34.0,5.0,1.0,0.0,0.0,0.0,0.0,4.0,0.0,0,-0.73,4,0,0,1.0,milan,3-5-1,1,1,probabili formazioni,0,0,,,,,,,4,4,1.0,35.0,38.0,0.92,25,24/05/2001,,,,6.42,0.7,7.12,Semi-top,15-29
63203,Pongracic,D,Fiorentina,5.5,2,5.5,0,0,0,0,0,0,0,0,5,4,2026-2027,pongracic,Fiorentina,5.79,5.61,35.0,0.0,0.0,0.0,0.0,0.0,0.0,12.0,0.0,0,-0.11,1,1,1,0.25,fiorentina,,0,0,,0,0,,,,,,,11,4,2.75,50.0,38.0,1.32,29,11/09/1997,,,,5.59,0.2,5.79,Scommessa,1-4
119843,Provstgaard Nielsen,D,Lazio,6.12,4,6.0,0,0,0,0,0,0,1,0,5,4,2026-2027,provstgaardnielsen,Lazio,5.93,5.87,26.0,0.0,0.0,0.0,0.0,0.0,0.0,3.0,0.0,0,0.13,4,0,0,1.0,lazio,3-4-2,1,1,probabili formazioni,0,0,,,,,,,3,4,0.75,40.0,38.0,1.05,23,04/06/2003,,,,5.91,0.7,6.61,Scommessa,1-4
111873,Rafa Marin,D,Napoli,6.12,4,6.0,0,0,0,0,0,0,1,0,5,4,2026-2027,rafamarin,,,,,,,,,,,,,0,,4,0,1,1.0,napoli,4-4-1,1,1,probabili formazioni,0,0,,,,,,,5,4,1.25,36.0,38.0,0.95,24,19/05/2002,,,,6.0,0.7,6.7,Medio,5-14
94722,Rafa Obrador,D,Sassuolo,5.75,2,5.75,0,0,0,0,0,0,0,0,5,4,2026-2027,rafaobrador,Torino,6.19,6.44,16.0,1.0,3.0,0.0,0.0,0.0,0.0,1.0,0.0,1,-0.69,0,2,0,0.0,sassuolo,,0,0,,0,0,,,,,,,7,4,1.75,63.0,38.0,1.66,22,24/02/2004,,,,6.25,0.2,6.45,Scommessa,1-4
64713,Ranieri,D,Fiorentina,6.0,2,6.0,0,0,0,0,0,0,0,0,5,4,2026-2027,ranieri,Fiorentina,5.91,5.84,34.0,1.0,0.0,0.0,0.0,0.0,0.0,8.0,1.0,0,0.16,2,0,1,0.5,fiorentina,4-4-0,1,1,probabili formazioni,0,0,,,,,,,11,4,2.75,50.0,38.0,1.32,27,23/04/1999,,,,5.86,0.7,6.56,Scommessa,1-4
101933,Rensch,D,Roma,0.0,1,0.0,0,0,0,0,0,0,0,0,5,4,2026-2027,rensch,Roma,6.19,6.44,24.0,1.0,4.0,0.0,0.0,0.0,0.0,1.0,0.0,0,-6.44,0,1,0,0.0,roma,,0,0,,0,0,,,,,,,1,4,0.25,31.0,38.0,0.82,23,18/01/2003,,,,5.72,0.2,5.92,Scommessa,1-4
110535,Ricardo Mangas,D,Monza,6.38,4,7.38,1,2,0,0,0,0,0,0,5,4,2026-2027,ricardomangas,,,,,,,,,,,,,0,,4,0,1,1.0,monza,,0,0,,0,0,,,,,,,11,4,2.75,,,,28,19/03/1998,,,,7.38,0.2,7.58,Semi-top,15-29
119654,Rodriguez,D,Cagliari,6.25,4,6.25,0,0,0,0,0,0,0,0,5,4,2026-2027,rodriguez,Cagliari,6.03,6.19,17.0,1.0,0.0,0.0,0.0,0.0,0.0,3.0,0.0,0,0.06,4,0,1,1.0,cagliari,2-6-1,1,1,probabili formazioni,0,0,,,,,,,2,4,0.5,53.0,38.0,1.39,21,30/05/2005,,,,6.21,0.7,6.91,Medio,5-14
17403,Rodriguez,D,Torino,6.0,1,6.0,0,0,0,0,0,0,0,0,5,4,2026-2027,rodriguez,,,,,,,,,,,,,0,,0,1,0,0.0,torino,,0,0,,0,0,,,,,,,7,4,1.75,63.0,38.0,1.66,34,25/08/1992,,,,6.0,-0.3,5.7,Scommessa,1-4
51495,Rrahmani,D,Napoli,6.5,4,6.62,0,1,0,0,0,0,0,0,5,4,2026-2027,rrahmani,Napoli,6.26,6.52,21.0,2.0,1.0,0.0,0.0,0.0,0.0,2.0,0.0,0,0.1,4,0,0,1.0,napoli,,0,0,,0,0,,,,,,,5,4,1.25,36.0,38.0,0.95,32,24/02/1994,,,,6.56,-0.3,6.26,Scommessa,1-4
35198,Sabelli,D,Genoa,6.0,1,6.0,0,0,0,0,0,0,1,0,5,4,2026-2027,sabelli,Genoa,5.96,5.81,16.0,0.0,0.0,0.0,0.0,0.0,0.0,0.0,0.0,0,0.19,2,0,1,0.5,genoa,,0,0,,0,0,,,,,,,8,4,2.0,51.0,38.0,1.34,33,13/01/1993,,,,5.84,-0.3,5.54,Scommessa,1-4
119724,Sagrado,D,Venezia,6.0,3,7.5,1,0,0,0,0,0,0,0,5,4,2026-2027,sagrado,,,,,,,,,,,,,0,,1,2,1,0.25,venezia,,0,0,,0,0,,,,,,,11,4,2.75,,,,22,30/01/2004,,,,7.5,0.2,7.7,Top,30-50
117029,Saul Coco,D,Torino,5.88,4,5.88,0,0,0,0,0,0,0,0,5,4,2026-2027,saulcoco,Torino,6.07,6.13,35.0,1.0,1.0,0.0,0.0,0.0,0.0,3.0,0.0,0,-0.25,4,0,1,1.0,torino,3-4-1,1,1,probabili formazioni,0,0,,,,,,,7,4,1.75,63.0,38.0,1.66,27,09/02/1999,,,,6.07,0.7,6.77,Medio,5-14
102886,Scalvini,D,Atalanta,6.12,4,6.12,0,0,0,0,0,0,0,0,5,4,2026-2027,scalvini,Atalanta,6.38,6.81,24.0,3.0,1.0,0.0,0.0,0.0,0.0,2.0,0.0,0,-0.69,4,0,0,1.0,atalanta,4-3-2,1,1,probabili formazioni,0,0,,,,,,,5,4,1.25,36.0,38.0,0.95,23,11/12/2003,,,,6.58,0.7,7.28,Semi-top,15-29
119759,Schingtienne,D,Venezia,5.5,4,5.25,0,0,0,0,0,0,2,0,5,4,2026-2027,schingtienne,,,,,,,,,,,,,0,,4,0,0,1.0,venezia,3-2-2,1,1,probabili formazioni,0,0,,,,,,,11,4,2.75,,,,24,14/08/2002,,,,5.25,0.7,5.95,Scommessa,1-4
120138,Siebert,D,Lecce,6.25,4,6.12,0,0,0,0,0,0,1,0,5,4,2026-2027,siebert,Lecce,5.84,5.92,21.0,1.0,0.0,0.0,0.0,0.0,0.0,3.0,0.0,0,0.2,3,1,0,0.75,lecce,4-3-1,1,1,probabili formazioni,0,0,,,,,,,7,4,1.75,50.0,38.0,1.32,24,02/04/2002,,,,5.99,0.7,6.69,Scommessa,1-4
119841,Smolcic,D,Como,5.5,2,5.5,0,0,0,0,0,0,0,0,5,4,2026-2027,smolcic,Como 1907,6.06,5.93,28.0,0.0,1.0,0.0,0.0,0.0,0.0,8.0,0.0,0,-0.43,0,2,0,0.0,como,,0,0,,0,0,,,,,,,4,4,1.0,29.0,38.0,0.76,26,17/08/2000,,,,5.85,0.2,6.05,Scommessa,1-4
65752,Solet,D,Udinese,5.83,3,5.83,0,0,0,0,0,0,0,0,5,4,2026-2027,solet,Udinese,6.31,6.51,35.0,3.0,1.0,1.0,0.0,0.0,0.0,1.0,0.0,0,-0.68,3,0,1,0.75,udinese,,0,0,,2,0,infortunato,Infortunio muscolare,30/09/2026,"il difensore il 7 settembre contro la Lazio costretto al cambio per una lesione al muscolo pettineo della gamba sinistra, è recuperabile dalla fine di settembre.",14.0,,10,4,2.5,48.0,38.0,1.26,26,07/02/2000,,,,6.37,0.2,6.57,Scommessa,1-4
26211,Spinazzola,D,Napoli,6.12,4,6.12,0,0,0,0,0,0,0,0,5,4,2026-2027,spinazzola,Napoli,6.19,6.55,32.0,3.0,3.0,0.0,0.0,0.0,0.0,2.0,0.0,0,-0.43,3,1,0,0.75,napoli,4-4-1,1,1,probabili formazioni,0,0,,,,,,,5,4,1.25,36.0,38.0,0.95,33,25/03/1993,,,,6.43,0.2,6.63,Scommessa,1-4
39584,Stones,D,Inter,5.83,3,5.83,0,0,0,0,0,0,0,0,5,4,2026-2027,stones,,,,,,,,,,,,,0,,1,2,1,0.25,inter,,0,0,,0,0,infortunato,,,"il difensore alle prese con un risentimento ai flessori della coscia sinistra, recuperabile da inizio ottobre.",,sì,6,4,1.5,35.0,38.0,0.92,32,28/05/1994,,,,5.83,-1.0,4.83,Scommessa,1-4
71550,Sugawara,D,Cagliari,5.5,1,5.5,0,0,0,0,0,0,0,0,5,4,2026-2027,sugawara,,,,,,,,,,,,,0,,0,1,0,0.0,cagliari,,0,0,,0,0,,,,,,,2,4,0.5,53.0,38.0,1.39,26,28/06/2000,,,,5.5,0.2,5.7,Scommessa,1-4
95960,Sutalo,D,Lazio,5.5,1,5.5,0,0,0,0,0,0,0,0,5,4,2026-2027,sutalo,,,,,,,,,,,,,0,,1,0,1,0.25,lazio,,0,0,,0,0,,,,,,,3,4,0.75,40.0,38.0,1.05,26,28/02/2000,,,,5.5,0.2,5.7,Scommessa,1-4
95212,Terracciano,D,Milan,0.0,1,0.0,0,0,0,0,0,0,0,0,5,4,2026-2027,terracciano,Cremonese,6.03,6.0,36.0,2.0,0.0,0.0,0.0,0.0,0.0,6.0,0.0,1,-6.0,0,1,0,0.0,milan,,0,0,,0,0,,,,,,,4,4,1.0,57.0,38.0,1.5,23,08/02/2003,,,,5.54,0.2,5.74,Scommessa,1-4
63462,Terzic,D,Frosinone,5.5,2,5.5,0,0,0,0,0,0,0,0,5,4,2026-2027,terzic,,,,,,,,,,,,,0,,0,2,0,0.0,frosinone,,0,0,,0,0,,,,,,,4,4,1.0,,,,27,17/08/1999,,,,5.5,0.2,5.7,Scommessa,1-4
110749,Theate,D,Bologna,6.0,2,6.0,0,0,0,0,0,0,0,0,5,4,2026-2027,theate,,,,,,,,,,,,,0,,2,0,0,0.5,bologna,4-3-2,1,1,probabili formazioni,0,0,,,,,,,5,4,1.25,46.0,38.0,1.21,26,25/05/2000,,,,6.0,0.7,6.7,Scommessa,1-4
70142,Thierry Correia,D,Venezia,5.67,3,5.67,0,0,0,0,0,0,0,0,5,4,2026-2027,thierrycorreia,,,,,,,,,,,,,0,,1,2,1,0.25,venezia,,0,0,,0,0,,,,,,,11,4,2.75,,,,27,09/03/1999,,,,5.67,0.2,5.87,Scommessa,1-4
119838,Tiago Gabriel,D,Lecce,6.62,4,8.12,2,0,0,0,0,0,0,0,5,4,2026-2027,tiagogabriel,Lecce,6.0,6.03,37.0,2.0,0.0,0.0,0.0,0.0,0.0,7.0,0.0,0,2.09,3,1,1,0.75,lecce,4-3-1,1,1,probabili formazioni,0,0,,,,,,,7,4,1.75,50.0,38.0,1.32,22,26/12/2004,,,,6.54,0.7,7.24,Semi-top,15-29
120136,Troilo,D,Parma,5.75,4,5.62,0,0,0,0,0,0,1,0,5,4,2026-2027,troilo,Parma,5.9,5.9,21.0,1.0,0.0,0.0,0.0,0.0,0.0,7.0,1.0,0,-0.28,4,0,1,1.0,parma,4-2-2,1,1,probabili formazioni,0,0,,,,,,,6,4,1.5,46.0,38.0,1.21,23,28/06/2003,,,,5.8,0.7,6.5,Scommessa,1-4
120429,Valde,D,Fiorentina,5.75,3,5.75,0,0,0,0,0,0,0,0,5,4,2026-2027,valde,,,,,,,,,,,,,0,,2,1,0,0.5,fiorentina,,0,0,,0,0,,,,,,,11,4,2.75,50.0,38.0,1.32,20,20/10/2006,,,,5.75,0.2,5.95,Scommessa,1-4
102393,Valenti,D,Parma,5.5,1,5.5,0,0,0,0,0,0,0,0,5,4,2026-2027,valenti,Parma,6.02,5.89,27.0,0.0,0.0,0.0,0.0,0.0,0.0,7.0,0.0,0,-0.39,0,1,0,0.0,parma,,0,0,,0,0,,,,,,,6,4,1.5,46.0,38.0,1.21,27,14/01/1999,,,,5.85,0.2,6.05,Scommessa,1-4
102062,Valeri,D,Parma,6.0,4,6.0,0,0,0,0,0,0,0,0,5,4,2026-2027,valeri,Parma,6.18,6.18,34.0,0.0,2.0,0.0,0.0,0.0,0.0,2.0,0.0,0,-0.18,4,0,0,1.0,parma,4-2-2,1,1,probabili formazioni,2,3,,,,,,,6,4,1.5,46.0,38.0,1.21,28,07/12/1998,,,,6.13,0.9,7.03,Medio,5-14
110692,Vasquez,D,Genoa,5.62,4,6.25,1,0,0,0,0,0,1,0,5,4,2026-2027,vasquez,Genoa,6.08,6.14,36.0,1.0,0.0,0.0,0.0,0.0,0.0,2.0,0.0,0,0.11,4,0,2,1.0,genoa,,0,0,,0,0,squalificato,,,,,,8,4,2.0,51.0,38.0,1.34,28,22/10/1998,,,,6.17,0.0,6.17,Scommessa,1-4
120428,Viery,D,Fiorentina,6.0,3,6.0,0,0,0,0,0,0,0,0,5,4,2026-2027,viery,,,,,,,,,,,,,0,,2,1,0,0.5,fiorentina,4-4-0,1,1,probabili formazioni,0,0,,,,,,,11,4,2.75,50.0,38.0,1.32,21,02/01/2005,,,,6.0,0.7,6.7,Medio,5-14
71540,Vojvoda,D,Udinese,6.12,4,6.12,0,0,0,0,0,0,0,0,5,4,2026-2027,vojvoda,Como 1907,6.11,6.39,30.0,2.0,2.0,0.0,0.0,0.0,0.0,1.0,0.0,1,-0.27,4,0,2,1.0,udinese,5-3-1,1,1,probabili formazioni,0,0,,,,,,,10,4,2.5,29.0,38.0,0.76,31,01/02/1995,,,,6.31,0.5,6.81,Medio,5-14
119945,Wesley,D,Roma,6.67,3,6.83,0,1,0,0,0,0,0,0,5,4,2026-2027,wesley,Roma,6.4,6.82,30.0,5.0,0.0,0.0,0.0,0.0,0.0,6.0,1.0,0,0.01,3,0,1,0.75,roma,4-2-3,1,1,probabili formazioni,0,0,,,,,,,1,4,0.25,31.0,38.0,0.82,23,06/09/2003,,,,6.82,0.7,7.52,Semi-top,15-29
94914,Yan Couto,D,Como,6.38,4,6.5,0,1,0,0,0,0,0,0,5,4,2026-2027,yancouto,,,,,,,,,,,,,0,,4,0,2,1.0,como,,0,1,stima da presenze,0,0,,,,,,,4,4,1.0,29.0,38.0,0.76,24,03/06/2002,,,obiettivo mercato,6.5,0.7,7.2,Semi-top,15-29
43014,Zappacosta,D,Atalanta,6.33,3,6.33,0,0,0,0,0,0,0,0,5,4,2026-2027,zappacosta,Atalanta,6.23,6.54,35.0,3.0,3.0,0.0,0.0,0.0,0.0,3.0,0.0,0,-0.21,2,1,0,0.5,atalanta,,0,0,,0,0,,,,,,,5,4,1.25,36.0,38.0,0.95,34,11/06/1992,,,,6.5,-0.3,6.2,Scommessa,1-4
111845,Ze Pedro,D,Cagliari,6.12,4,6.0,0,0,0,0,0,0,1,0,5,4,2026-2027,zepedro,Cagliari,5.8,5.68,23.0,0.0,1.0,0.0,0.0,0.0,0.0,6.0,0.0,0,0.32,4,0,2,1.0,cagliari,,0,0,,0,0,infortunato,,,,,,2,4,0.5,53.0,38.0,1.39,29,06/06/1997,,,,5.79,0.0,5.79,Scommessa,1-4
76574,Zortea,D,Bologna,6.0,2,6.0,0,0,0,0,0,0,0,0,5,4,2026-2027,zortea,Bologna,5.84,5.84,32.0,0.0,2.0,0.0,0.0,0.0,0.0,2.0,0.0,0,0.16,1,1,1,0.25,bologna,,0,0,,0,0,infortunato,Contusione all'anca,18/09/2026,Il terzino alle prese con un fastidio all'anca e assente domenica scorsa contro il Napoli al Maradona. Da valutare in vista di sabato contro il Toro al Dall'Ara nella 5a giornata.,2.0,,5,4,1.25,46.0,38.0,1.21,27,19/06/1999,,,,5.87,0.0,5.87,Scommessa,1-4
109993,Østigård,D,Genoa,5.62,4,5.25,0,0,0,0,0,0,3,0,5,4,2026-2027,stigard,Genoa,6.1,6.53,30.0,5.0,1.0,0.0,0.0,0.0,0.0,7.0,0.0,0,-1.28,4,0,1,1.0,genoa,2-4-1,1,1,probabili formazioni,0,0,,,,,,,8,4,2.0,51.0,38.0,1.34,27,28/11/1999,,,,6.16,0.7,6.86,Medio,5-14
66457,Adopo,C,Cagliari,6.62,4,6.88,0,2,0,0,0,0,0,0,5,4,2026-2027,adopo,Cagliari,6.16,6.21,38.0,1.0,2.0,0.0,0.0,0.0,0.0,4.0,0.0,0,0.67,4,0,0,1.0,cagliari,2-6-1,1,1,probabili formazioni,0,0,,,,,,,2,4,0.5,53.0,38.0,1.39,26,19/07/2000,,,,6.37,0.7,7.07,Medio,10-29
94911,Adrian Bernabe,C,Parma,6.0,3,6.0,0,0,0,0,0,0,0,0,5,4,2026-2027,adrianbernabe,Parma,6.27,6.56,32.0,3.0,1.0,0.0,0.0,0.0,0.0,0.0,0.0,0,-0.56,2,1,2,0.5,parma,4-2-2,1,1,probabili formazioni,0,0,,,,,,,6,4,1.5,46.0,38.0,1.21,25,26/05/2001,,,,6.44,0.7,7.14,Medio,10-29
117416,Adzic,C,Sassuolo,6.75,4,8.62,2,1,0,0,0,0,0,0,5,4,2026-2027,adzic,Juventus,6.3,7.1,10.0,1.0,0.0,0.0,0.0,0.0,0.0,0.0,0.0,1,1.52,3,1,3,0.75,sassuolo,2-4-3,1,1,probabili formazioni,0,3,,,,,,,7,4,1.75,34.0,38.0,0.89,20,12/05/2006,,,,7.93,0.7,8.63,Top,60-100
116902,Akinsanmiro,C,Monza,6.17,3,6.33,0,1,0,0,0,0,0,0,5,4,2026-2027,akinsanmiro,Pisa,5.96,5.94,24.0,0.0,1.0,0.0,0.0,0.0,0.0,2.0,0.0,1,0.39,2,1,1,0.5,monza,5-3-1,1,1,probabili formazioni,0,0,,,,,,,11,4,2.75,71.0,38.0,1.87,22,25/11/2004,,,,6.05,0.7,6.75,Scommessa,1-9
120322,Alex Amorim,C,Genoa,6.12,4,6.0,0,0,0,0,0,0,1,0,5,4,2026-2027,alexamorim,Genoa,5.94,5.89,11.0,0.0,0.0,0.0,0.0,0.0,0.0,1.0,0.0,0,0.11,1,3,1,0.25,genoa,,0,0,,0,0,,,,,,,8,4,2.0,51.0,38.0,1.34,21,18/05/2005,,,,5.95,0.2,6.15,Scommessa,1-9
120328,Alisson Santos,C,Napoli,6.17,3,6.17,0,0,0,0,0,0,0,0,5,4,2026-2027,alissonsantos,Napoli,6.29,7.14,14.0,4.0,0.0,0.0,0.0,0.0,0.0,1.0,0.0,0,-0.97,2,1,2,0.5,napoli,,0,0,,0,0,infortunato,,,,,,5,4,1.25,36.0,38.0,0.95,24,27/09/2002,,,,6.76,0.0,6.76,Scommessa,1-9
120434,Amondarain,C,Bologna,5.83,3,5.67,0,0,0,0,0,0,1,0,5,4,2026-2027,amondarain,,,,,,,,,,,,,0,,1,2,1,0.25,bologna,,0,0,,0,0,,,,,,,5,4,1.25,46.0,38.0,1.21,21,06/01/2005,,,,5.67,0.2,5.87,Scommessa,1-9
50050,Anguissa,C,Napoli,6.17,3,6.17,0,0,0,0,0,0,0,0,5,4,2026-2027,anguissa,Napoli,6.37,7.11,18.0,4.0,1.0,0.0,0.0,0.0,0.0,1.0,0.0,0,-0.94,3,0,2,0.75,napoli,,0,0,,0,0,infortunato,,,,,,5,4,1.25,36.0,38.0,0.95,31,16/11/1995,,,,6.8,-0.2,6.6,Scommessa,1-9
117169,Atta,C,Fiorentina,6.12,4,6.12,0,0,0,0,0,0,0,0,5,4,2026-2027,atta,Udinese,6.27,6.77,32.0,5.0,3.0,0.0,0.0,0.0,0.0,3.0,0.0,1,-0.65,3,1,2,0.75,fiorentina,4-4-0,1,1,probabili formazioni,0,2,,,,,,,11,4,2.75,48.0,38.0,1.26,23,14/01/2003,,,,6.59,0.7,7.29,Medio,10-29
119493,Bakola,C,Sassuolo,6.33,3,6.5,0,1,0,0,0,0,0,0,5,4,2026-2027,bakola,Sassuolo,6.0,6.17,6.0,0.0,1.0,0.0,0.0,0.0,0.0,0.0,0.0,0,0.33,2,1,0,0.5,sassuolo,2-4-3,1,1,probabili formazioni,0,0,,,,,,,7,4,1.75,50.0,38.0,1.32,19,30/11/2007,,,,6.37,0.7,7.07,Medio,10-29
102850,Baldanzi,C,Genoa,6.0,4,6.0,0,0,0,0,0,0,0,0,5,4,2026-2027,baldanzi,Genoa,6.24,6.29,8.0,0.0,2.0,0.0,0.0,0.0,0.0,0.0,0.0,0,-0.29,4,0,4,1.0,genoa,2-4-1,1,1,probabili formazioni,0,1,,,,,,,8,4,2.0,51.0,38.0,1.34,23,23/03/2003,,,,6.12,0.8,6.92,Scommessa,1-9
45456,Barella,C,Inter,7.12,4,8.0,1,1,0,0,0,0,0,0,5,4,2026-2027,barella,Inter,6.4,6.68,34.0,3.0,8.0,0.0,0.0,0.0,0.0,7.0,0.0,0,1.32,4,0,0,1.0,inter,4-3-2,1,1,probabili formazioni,0,0,,,,,,,6,4,1.5,35.0,38.0,0.92,29,07/02/1997,,,,7.02,1.0,8.02,Semi-top,30-59
51334,Basic,C,Venezia,6.0,2,6.0,0,0,0,0,0,0,0,0,5,4,2026-2027,basic,Lazio,6.33,6.65,23.0,2.0,3.0,0.0,0.0,0.0,0.0,0.0,1.0,1,-0.65,2,0,2,0.5,venezia,,0,0,,0,0,infortunato,Infiammazione della pianta plantare,18/09/2026,"Il centrocampista out contro Frosinone e Fiorentina per noie fisiche, rimane da valutare quotidianamente in vista di sabato sera in casa contro la Lazio nella 5a giornata di campionato.",2.0,,11,4,2.75,40.0,38.0,1.05,30,25/11/1996,,,,6.52,-0.2,6.32,Scommessa,1-9
103455,Baturina,C,Como,6.88,4,8.38,2,1,0,0,0,0,1,0,5,4,2026-2027,baturina,Como 1907,6.44,7.22,29.0,6.0,3.0,0.0,0.0,0.0,0.0,0.0,0.0,0,1.16,4,0,4,1.0,como,,0,1,stima da presenze,0,2,,,,,,,4,4,1.0,29.0,38.0,0.76,23,16/02/2003,,,,7.56,1.3,8.86,Top,60-100
115389,Belahyane,C,Lazio,6.33,3,6.17,0,0,0,0,0,0,1,0,5,4,2026-2027,belahyane,Lazio,5.86,5.82,13.0,0.0,2.0,0.0,0.0,0.0,0.0,1.0,1.0,0,0.35,2,1,0,0.5,lazio,3-4-2,1,1,probabili formazioni,0,0,,,,,,,3,4,0.75,40.0,38.0,1.05,22,01/06/2004,,,,5.96,0.7,6.66,Scommessa,1-9
115133,Berisha,C,Lecce,6.0,1,6.0,0,0,0,0,0,0,0,0,5,4,2026-2027,berisha,Lecce,6.38,7.04,13.0,2.0,3.0,0.0,0.0,0.0,0.0,0.0,0.0,0,-1.04,0,1,0,0.0,lecce,,0,0,,3,2,infortunato,Sovraccarico,01/10/2026,Il centrocampista ha lamentato un sovraccarico muscolare alla gamba e non ha preso parte al match di domenica scorsa in casa contro il Monza. Da valutare in settimana verso la sfida contro il Milan in trasferta nella 5a giornata di campionato.,15.0,,7,4,1.75,50.0,38.0,1.32,23,21/10/2003,,,,6.84,0.0,6.84,Scommessa,1-9
39156,Bernardeschi,C,Bologna,6.12,4,6.12,0,0,0,0,0,0,0,0,5,4,2026-2027,bernardeschi,Bologna,6.27,6.68,29.0,4.0,2.0,1.0,0.0,0.0,0.0,3.0,0.0,0,-0.56,3,1,2,0.75,bologna,4-3-2,1,1,probabili formazioni,2,2,,,,,,,5,4,1.25,46.0,38.0,1.21,32,16/02/1994,,,,6.52,0.4,6.92,Scommessa,1-9
67761,Brescianini,C,Fiorentina,6.0,4,6.0,0,0,0,0,0,0,0,0,5,4,2026-2027,brescianini,Fiorentina,6.15,6.3,17.0,1.0,1.0,0.0,0.0,0.0,0.0,1.0,0.0,0,-0.3,2,2,2,0.5,fiorentina,,0,0,,0,0,,,,,,,11,4,2.75,50.0,38.0,1.32,26,20/01/2000,,,,6.18,0.2,6.38,Scommessa,1-9
77814,Busio,C,Venezia,6.12,4,6.25,0,2,0,0,0,0,1,0,5,4,2026-2027,busio,,,,,,,,,,,,,0,,4,0,1,1.0,venezia,,0,0,,1,1,infortunato,Stiramento muscolare,,"il regista dei veneti KO l'11 settembre contro la Fiorentina vittima di una distrazione intratendinea del bicipite femorale destro. Rischia un lungo stop, di certo assente sabato sera contro la Lazio.",,sì,11,4,2.75,,,,24,28/05/2002,,,,6.25,0.1,6.35,Scommessa,1-9
119874,Cacciamani,C,Torino,6.25,4,6.38,0,1,0,0,0,0,0,0,5,4,2026-2027,cacciamani,,,,,,,,,,,,,0,,3,1,2,0.75,torino,3-4-1,1,1,probabili formazioni,0,0,,,,,,,7,4,1.75,63.0,38.0,1.66,19,29/06/2007,,,,6.38,0.7,7.08,Medio,10-29
42724,Calhanoglu,C,Inter,6.67,3,8.83,2,0,0,0,0,0,1,0,5,4,2026-2027,calhanoglu,Inter,6.67,7.7,22.0,9.0,4.0,4.0,0.0,0.0,0.0,7.0,0.0,0,1.13,2,1,2,0.5,inter,,0,0,,1,1,infortunato,Affaticamento muscolare,18/09/2026,"Il turco in tribuna lunedì sera contro l'Udinese per un risentimento muscolare all'adduttore della coscia destra, condizioni da valutare quotidianamente in vista del match di Roma contro i giallorossi in programma domenica.",2.0,,6,4,1.5,35.0,38.0,0.92,32,08/02/1994,,,,8.03,0.4,8.43,Top,60-100
58637,Calo,C,Frosinone,6.62,4,6.75,0,1,0,0,0,0,0,0,5,4,2026-2027,calo,,,,,,,,,,,,,0,,4,0,2,1.0,frosinone,3-4-3,1,1,probabili formazioni,1,1,,,,,,,4,4,1.0,,,,29,05/02/1997,,,,6.75,1.3,8.05,Semi-top,30-59
69380,Caqueret,C,Como,6.0,4,5.83,0,0,0,0,0,0,1,0,5,4,2026-2027,caqueret,Como 1907,6.24,6.5,30.0,2.0,6.0,0.0,0.0,0.0,0.0,3.0,0.0,0,-0.67,0,4,0,0.0,como,,0,0,,0,0,,,,,,,4,4,1.0,29.0,38.0,0.76,26,15/02/2000,,,,6.31,0.8,7.11,Medio,10-29
113110,Casadei,C,Torino,5.5,1,5.5,0,0,0,0,0,0,0,0,5,4,2026-2027,casadei,Torino,6.03,6.55,33.0,6.0,0.0,0.0,0.0,0.0,0.0,5.0,0.0,0,-1.05,1,0,1,0.25,torino,,0,0,,0,0,infortunato,,,"Il centrocampista fuori causa contro Roma, Fiorentina e Sassuolo a causa di un affaticamento muscolare, da valutare in settimana le possibilità di rientro in vista di sabato a Bologna nella 5a di campionato.",,,7,4,1.75,63.0,38.0,1.66,23,10/01/2003,,,,6.46,0.0,6.46,Scommessa,1-9
60867,Chakvetadze,C,Udinese,5.5,1,5.5,0,0,0,0,0,0,0,0,5,4,2026-2027,chakvetadze,,,,,,,,,,,,,0,,0,1,0,0.0,udinese,,0,0,,0,0,,,,,,,10,4,2.5,48.0,38.0,1.26,27,29/08/1999,,,,5.5,0.2,5.7,Scommessa,1-9
69844,Chukwueze,C,Milan,6.75,4,7.0,0,2,0,0,0,0,0,0,5,4,2026-2027,chukwueze,,,,,,,,,,,,,0,,3,1,0,0.75,milan,3-5-1,1,1,probabili formazioni,0,0,,,,,,,4,4,1.0,35.0,38.0,0.92,27,22/05/1999,,,,7.0,0.7,7.7,Medio,10-29
120507,Cichella,C,Frosinone,5.75,2,5.75,0,0,0,0,0,0,0,0,5,4,2026-2027,cichella,,,,,,,,,,,,,0,,1,1,1,0.25,frosinone,,0,0,,0,0,,,,,,,4,4,1.0,,,,21,04/10/2005,,,,5.75,0.2,5.95,Scommessa,1-9
103077,Ciervo,C,Cagliari,0.0,1,0.0,0,0,0,0,0,0,0,0,5,4,2026-2027,ciervo,,,,,,,,,,,,,0,,0,2,0,0.0,cagliari,,0,0,,0,0,,,,,,,2,4,0.5,53.0,38.0,1.39,24,01/04/2002,,,,0.0,0.2,0.2,Scommessa,1-9
120240,Cinquegrano,C,Sassuolo,6.25,4,6.25,0,0,0,0,0,0,0,0,5,4,2026-2027,cinquegrano,,,,,,,,,,,,,0,,4,0,0,1.0,sassuolo,2-4-3,1,1,probabili formazioni,0,0,,,,,,,7,4,1.75,50.0,38.0,1.32,22,25/06/2004,,,,6.25,0.7,6.95,Medio,10-29
116519,Cisse,C,Milan,6.62,4,8.0,2,0,0,0,0,0,1,0,5,4,2026-2027,cisse,,,,,,,,,,,,,0,,3,1,3,0.75,milan,3-5-1,1,1,probabili formazioni,0,0,,,,,,,4,4,1.0,35.0,38.0,0.92,20,22/10/2006,,,,8.0,0.7,8.7,Top,60-100
115836,Colombo,C,Monza,5.5,1,5.0,0,0,0,0,0,0,1,0,5,4,2026-2027,colombo,,,,,,,,,,,,,0,,0,1,0,0.0,monza,,0,0,,0,0,,,,,,,11,4,2.75,,,,21,04/06/2005,,,,5.0,0.2,5.2,Scommessa,1-9
66512,Colpani,C,Monza,6.25,4,7.0,1,0,0,0,0,0,0,0,5,4,2026-2027,colpani,,,,,,,,,,,,,0,,3,1,3,0.75,monza,5-3-1,1,1,probabili formazioni,0,0,,,,,,,11,4,2.75,,,,27,11/05/1999,,,,7.0,0.7,7.7,Medio,10-29
95265,Coulibaly,C,Lecce,6.62,4,8.5,2,1,0,0,0,0,0,0,5,4,2026-2027,coulibaly,Lecce,6.09,6.32,33.0,3.0,1.0,0.0,0.0,0.0,0.0,4.0,0.0,0,2.18,4,0,0,1.0,lecce,4-3-1,1,1,probabili formazioni,0,0,,,,,,,7,4,1.75,50.0,38.0,1.32,30,10/04/1996,,,,6.9,0.5,7.4,Medio,10-29
118353,Cremaschi,C,Parma,6.0,2,6.0,0,0,0,0,0,0,0,0,5,4,2026-2027,cremaschi,Parma,6.0,6.0,8.0,0.0,0.0,0.0,0.0,0.0,0.0,0.0,0.0,0,0.0,0,2,0,0.0,parma,,0,0,,0,0,,,,,,,6,4,1.5,46.0,38.0,1.21,21,02/03/2005,,,,6.0,0.2,6.2,Scommessa,1-9
17744,Cristante,C,Roma,6.5,4,6.5,0,0,0,0,0,0,0,0,5,4,2026-2027,cristante,Roma,6.15,6.3,37.0,2.0,1.0,0.0,0.0,0.0,0.0,6.0,0.0,0,0.2,4,0,1,1.0,roma,4-2-3,1,1,probabili formazioni,0,0,,,,,,,1,4,0.25,31.0,38.0,0.82,31,03/03/1995,,,,6.35,1.1,7.45,Medio,10-29
73202,da Cunha,C,Como,6.38,4,6.38,0,0,0,0,0,0,0,0,5,4,2026-2027,dacunha,Como 1907,6.46,7.01,36.0,6.0,4.0,4.0,0.0,0.0,0.0,4.0,0.0,0,-0.63,3,1,3,0.75,como,,0,1,stima da presenze,1,0,,,,,,,4,4,1.0,29.0,38.0,0.76,25,09/06/2001,,,,6.85,1.8,8.65,Top,60-100
120516,Dagasso,C,Venezia,6.0,1,5.5,0,0,0,0,0,0,1,0,5,4,2026-2027,dagasso,,,,,,,,,,,,,0,,0,1,0,0.0,venezia,,0,0,,0,0,infortunato,Problema fisico,18/09/2026,Il centrocampista non convocato dalla gara dell'11 settembre contro la Fiorentina per un problema fisico. Da valutare ora in vista della 5a giornata di campionato.,2.0,,11,4,2.75,,,,22,01/04/2004,,,,5.5,0.0,5.5,Scommessa,1-9
102232,Daniel Braganca,C,Torino,6.0,2,6.0,0,0,0,0,0,0,0,0,5,4,2026-2027,danielbraganca,,,,,,,,,,,,,0,,0,2,0,0.0,torino,,0,0,,0,0,,,,,,,7,4,1.75,63.0,38.0,1.66,27,27/05/1999,,,,6.0,0.2,6.2,Scommessa,1-9
19157,De Bruyne,C,Napoli,6.75,4,7.88,1,1,0,0,0,0,0,0,5,4,2026-2027,debruyne,Napoli,6.5,7.32,18.0,5.0,2.0,3.0,0.0,0.0,0.0,1.0,0.0,0,0.56,1,3,1,0.25,napoli,4-4-1,1,1,probabili formazioni,1,1,,,,,,,5,4,1.25,36.0,38.0,0.95,35,28/06/1991,,,,7.54,0.8,8.34,Semi-top,30-59
36130,de Roon,C,Roma,6.0,2,6.0,0,0,0,0,0,0,0,0,5,4,2026-2027,deroon,Atalanta,6.12,6.12,34.0,1.0,2.0,0.0,0.0,0.0,0.0,7.0,0.0,1,-0.12,0,2,0,0.0,roma,,0,0,,0,0,,,,,,,1,4,0.25,36.0,38.0,0.95,35,29/03/1991,,,,6.1,0.3,6.4,Scommessa,1-9
40467,Deiola,C,Cagliari,6.12,4,5.88,0,0,0,0,0,0,2,0,5,4,2026-2027,deiola,Cagliari,6.12,6.1,20.0,0.0,2.0,0.0,0.0,0.0,0.0,3.0,0.0,0,-0.22,4,0,1,1.0,cagliari,2-6-1,1,1,probabili formazioni,0,0,,,,,,,2,4,0.5,53.0,38.0,1.39,31,01/08/1995,,,,6.02,0.5,6.52,Scommessa,1-9
119716,Dele-Bashiru,C,Lazio,6.5,1,6.5,0,0,0,0,0,0,0,0,5,4,2026-2027,delebashiru,Lazio,6.16,6.3,24.0,1.0,0.0,0.0,0.0,0.0,0.0,0.0,0.0,0,0.2,1,0,1,0.25,lazio,,0,0,,0,0,infortunato,,,,,,3,4,0.75,40.0,38.0,1.05,25,06/02/2001,,,,6.32,0.0,6.32,Scommessa,1-9
109651,Diouf,C,Inter,7.17,3,7.67,0,3,0,0,0,0,0,0,5,4,2026-2027,diouf,Inter,6.08,6.31,19.0,1.0,0.0,0.0,0.0,0.0,0.0,1.0,0.0,0,1.36,3,0,1,0.75,inter,4-3-2,1,1,probabili formazioni,0,0,,,,,,,6,4,1.5,35.0,38.0,0.92,23,17/05/2003,,,obiettivo,6.75,1.0,7.75,Semi-top,30-59
64532,Douglas Luiz,C,Juventus,6.25,4,6.12,0,0,0,0,0,0,1,0,5,4,2026-2027,douglasluiz,,,,,,,,,,,,,0,,4,0,2,1.0,juventus,4-3-3,1,1,probabili formazioni,0,3,,,,,,,4,4,1.0,34.0,38.0,0.89,28,09/05/1998,,,,6.12,0.7,6.82,Scommessa,1-9
112712,Ederson,C,Atalanta,6.5,4,7.25,1,0,0,0,0,0,0,0,5,4,2026-2027,ederson,Atalanta,6.23,6.43,30.0,2.0,1.0,1.0,0.0,0.0,0.0,3.0,0.0,0,0.82,4,0,2,1.0,atalanta,4-3-2,1,1,probabili formazioni,0,0,,,,,,,5,4,1.25,36.0,38.0,0.95,27,07/07/1999,,,,6.66,0.7,7.36,Medio,10-29
66186,Ekkelenkamp,C,Udinese,6.5,4,8.38,2,1,0,0,0,0,0,0,5,4,2026-2027,ekkelenkamp,Udinese,6.26,6.9,31.0,5.0,3.0,0.0,0.0,0.0,0.0,1.0,0.0,0,1.48,4,0,2,1.0,udinese,5-3-1,1,1,probabili formazioni,0,2,,,,,,,10,4,2.5,48.0,38.0,1.26,26,05/04/2000,,,,7.31,0.7,8.01,Semi-top,30-59
17758,El Shaarawy,C,Genoa,6.0,1,6.0,0,0,0,0,0,0,0,0,5,4,2026-2027,elshaarawy,Roma,6.28,6.38,20.0,1.0,2.0,0.0,0.0,0.0,0.0,4.0,0.0,1,-0.38,0,1,0,0.0,genoa,,0,0,,0,0,,,,,,,8,4,2.0,31.0,38.0,0.82,34,27/10/1992,,,,6.33,-0.3,6.03,Scommessa,1-9
110634,Ellertsson,C,Genoa,6.0,4,6.0,0,0,0,0,0,0,0,0,5,4,2026-2027,ellertsson,Genoa,6.0,6.06,36.0,1.0,1.0,0.0,0.0,0.0,0.0,1.0,1.0,0,-0.06,4,0,1,1.0,genoa,2-4-1,1,1,probabili formazioni,0,0,,,,,,,8,4,2.0,51.0,38.0,1.34,24,11/03/2002,,,,6.04,0.7,6.74,Scommessa,1-9
53662,Elmas,C,Atalanta,5.75,3,5.75,0,0,0,0,0,0,0,0,5,4,2026-2027,elmas,Napoli,6.25,6.38,33.0,1.0,3.0,0.0,0.0,0.0,0.0,3.0,0.0,1,-0.63,1,2,1,0.25,atalanta,,0,0,,0,0,,,,,,,5,4,1.25,36.0,38.0,0.95,27,24/09/1999,,,,6.24,0.2,6.44,Scommessa,1-9
115142,Fabbian,C,Parma,6.0,2,6.0,0,0,0,0,0,0,0,0,5,4,2026-2027,fabbian,Fiorentina,5.9,6.0,17.0,1.0,0.0,0.0,0.0,0.0,0.0,2.0,0.0,1,0.0,1,1,1,0.25,parma,,0,0,,0,0,,,,,,,6,4,1.5,50.0,38.0,1.32,23,14/01/2003,,,,6.0,0.2,6.2,Scommessa,1-9
117489,Fadera,C,Cagliari,6.0,3,6.0,0,0,0,0,0,0,0,0,5,4,2026-2027,fadera,Sassuolo,5.94,6.19,28.0,2.0,1.0,0.0,0.0,0.0,0.0,5.0,0.0,1,-0.19,0,3,0,0.0,cagliari,,0,0,,0,0,,,,,,,2,4,0.5,50.0,38.0,1.32,25,03/11/2001,,,,6.14,0.2,6.34,Scommessa,1-9
103752,Fagioli,C,Fiorentina,6.25,4,6.25,0,1,0,0,0,0,1,0,5,4,2026-2027,fagioli,Fiorentina,6.23,6.41,33.0,2.0,3.0,0.0,0.0,0.0,0.0,5.0,0.0,0,-0.16,3,1,1,0.75,fiorentina,4-4-0,1,1,probabili formazioni,0,0,,,,,,,11,4,2.75,50.0,38.0,1.32,25,12/02/2001,,,obiettivo,6.37,0.7,7.07,Medio,10-29
111870,Fazzini,C,Cagliari,6.62,4,6.62,0,1,0,0,0,0,1,0,5,4,2026-2027,fazzini,Fiorentina,5.9,5.83,20.0,0.0,0.0,0.0,0.0,0.0,0.0,2.0,0.0,1,0.79,4,0,4,1.0,cagliari,2-6-1,1,1,probabili formazioni,0,1,,,,,,,2,4,0.5,50.0,38.0,1.32,23,16/03/2003,,,,6.13,0.8,6.93,Scommessa,1-9
96525,Ferguson,C,Bologna,6.0,4,6.0,0,0,0,0,0,0,0,0,5,4,2026-2027,ferguson,Bologna,5.94,5.92,27.0,1.0,0.0,0.0,0.0,0.0,0.0,6.0,0.0,0,0.08,4,0,0,1.0,bologna,4-3-2,1,1,probabili formazioni,0,0,,,,,,,5,4,1.25,46.0,38.0,1.21,27,24/08/1999,,,,5.94,0.7,6.64,Scommessa,1-9
109703,Fitz-Jim,C,Torino,6.12,4,6.12,0,0,0,0,0,0,0,0,5,4,2026-2027,fitzjim,,,,,,,,,,,,,0,,4,0,1,1.0,torino,3-4-1,1,1,probabili formazioni,0,0,,,,,,,7,4,1.75,63.0,38.0,1.66,23,05/07/2003,,,,6.12,0.7,6.82,Scommessa,1-9
120500,Foe Ondoa,C,Monza,6.0,2,6.0,0,0,0,0,0,0,0,0,5,4,2026-2027,foeondoa,,,,,,,,,,,,,0,,2,0,1,0.5,monza,,0,0,,0,0,,,,,,,11,4,2.75,,,,21,12/12/2005,,,,6.0,0.2,6.2,Scommessa,1-9
102118,Folorunsho,C,Monza,6.0,3,5.83,0,0,0,0,0,0,1,0,5,4,2026-2027,folorunsho,Cagliari,5.89,6.06,27.0,2.0,0.0,0.0,0.0,0.0,0.0,3.0,0.0,1,-0.23,2,1,0,0.5,monza,5-3-1,1,1,probabili formazioni,0,2,,,,,,,11,4,2.75,53.0,38.0,1.39,28,07/02/1998,,,,6.0,0.7,6.7,Scommessa,1-9
104526,Francisco Conceicao,C,Juventus,6.62,4,6.75,0,1,0,0,0,0,0,0,5,4,2026-2027,franciscoconceicao,Juventus,6.23,6.55,31.0,3.0,5.0,0.0,0.0,0.0,0.0,3.0,0.0,0,0.2,4,0,4,1.0,juventus,4-3-3,1,1,probabili formazioni,0,0,,,,,,,4,4,1.0,34.0,38.0,0.89,24,14/12/2002,,,,6.61,0.7,7.31,Medio,10-29
61532,Frattesi,C,Lazio,6.88,4,9.62,3,0,0,0,0,0,0,0,5,4,2026-2027,frattesi,Inter,5.84,5.84,22.0,0.0,0.0,0.0,0.0,0.0,0.0,0.0,0.0,1,3.78,3,1,1,0.75,lazio,3-4-2,1,1,probabili formazioni,0,0,,,,,,,3,4,0.75,35.0,38.0,0.92,27,22/09/1999,,,,7.17,0.7,7.87,Semi-top,30-59
110784,Frendrup,C,Genoa,6.12,4,6.12,0,0,0,0,0,0,0,0,5,4,2026-2027,frendrup,Genoa,6.06,6.07,36.0,1.0,0.0,0.0,0.0,0.0,0.0,5.0,0.0,0,0.05,4,0,0,1.0,genoa,2-4-1,1,1,probabili formazioni,0,0,,,,,,,8,4,2.0,51.0,38.0,1.34,25,07/04/2001,,,,6.08,0.7,6.78,Scommessa,1-9
67792,Gaetano,C,Atalanta,6.5,3,6.33,0,1,0,0,0,0,0,1,5,4,2026-2027,gaetano,Cagliari,6.17,6.39,33.0,2.0,4.0,0.0,0.0,0.0,0.0,4.0,0.0,1,-0.06,3,0,0,0.75,atalanta,4-3-2,1,1,probabili formazioni,0,3,,,,,,,5,4,1.25,53.0,38.0,1.39,26,05/05/2000,,,,6.38,0.7,7.08,Medio,10-29
38964,Gagliardini,C,Cagliari,6.0,1,6.0,0,0,0,0,0,0,0,0,5,4,2026-2027,gagliardini,Verona,5.88,5.83,29.0,1.0,0.0,0.0,0.0,0.0,0.0,9.0,0.0,1,0.17,0,1,0,0.0,cagliari,,0,0,,0,0,,,,,,,2,4,0.5,61.0,38.0,1.61,32,07/04/1994,,,,5.85,-0.3,5.55,Scommessa,1-9
120276,Gandelman,C,Lecce,0.0,1,0.0,0,0,0,0,0,0,0,0,5,4,2026-2027,gandelman,Lecce,5.92,6.33,19.0,2.0,1.0,0.0,0.0,0.0,0.0,0.0,0.0,0,-6.33,0,1,0,0.0,lecce,,0,0,,0,3,infortunato,Problema fisico,,"Il centrocampista fuori causa domenica scorsa contro il Monza per noie fisiche. Da valutare in vista della prossima giornata di campionato, domenica sera a Milano contro i rossoneri.",,,7,4,1.75,50.0,38.0,1.32,26,16/05/2000,,,,5.47,0.0,5.47,Scommessa,1-9
71361,Ghion,C,Sassuolo,6.0,1,6.0,0,0,0,0,0,0,0,0,5,4,2026-2027,ghion,,,,,,,,,,,,,0,,0,1,0,0.0,sassuolo,,0,0,,0,0,,,,,,,7,4,1.75,50.0,38.0,1.32,26,23/02/2000,,,,6.0,0.2,6.2,Scommessa,1-9
71942,Gilmour,C,Napoli,6.0,2,6.0,0,0,0,0,0,0,0,0,5,4,2026-2027,gilmour,Napoli,6.23,6.4,17.0,1.0,0.0,0.0,0.0,0.0,0.0,1.0,0.0,0,-0.4,1,1,0,0.25,napoli,4-4-1,1,1,probabili formazioni,0,0,,,,,,,5,4,1.25,36.0,38.0,0.95,25,11/06/2001,,,,6.3,0.7,7.0,Medio,10-29
116114,Gineitis,C,Torino,6.12,4,6.12,0,1,0,0,0,0,1,0,5,4,2026-2027,gineitis,Torino,6.02,5.95,29.0,0.0,1.0,0.0,0.0,0.0,0.0,5.0,0.0,0,0.17,4,0,3,1.0,torino,3-4-1,1,1,probabili formazioni,0,3,,,,,,,7,4,1.75,63.0,38.0,1.66,22,15/04/2004,,,,6.0,0.7,6.7,Scommessa,1-9
120111,Gorter,C,Lecce,6.5,2,8.5,1,0,0,0,0,0,0,0,5,4,2026-2027,gorter,Lecce,6.0,6.0,2.0,0.0,0.0,0.0,0.0,0.0,0.0,0.0,0.0,0,2.5,2,0,2,0.5,lecce,,0,0,,0,0,,,,,,,7,4,1.75,50.0,38.0,1.32,21,31/01/2005,,,,7.88,0.2,8.08,Semi-top,30-59
51864,Grillitsch,C,Frosinone,0.0,1,0.0,0,0,0,0,0,0,0,0,5,4,2026-2027,grillitsch,,,,,,,,,,,,,0,,0,1,0,0.0,frosinone,3-4-3,1,1,probabili formazioni,0,0,infortunato,Problema agli adduttori,18/09/2026,il centrocampista non convocato per Genova a causa di una sindrome retto-adduttoria. Salterà anche la sfida contro il Como in programma domenica e dovrebbe tornare arruolabile dalla 6a giornata di A.,2.0,,4,4,1.0,,,,31,07/08/1995,,,,0.0,0.3,0.3,Scommessa,1-9
61700,Gudmundsson,C,Lazio,6.17,2,7.5,1,0,0,0,0,0,0,0,5,4,2026-2027,gudmundsson,Fiorentina,6.0,6.47,33.0,5.0,4.0,3.0,0.0,0.0,0.0,4.0,1.0,1,1.03,1,2,1,0.25,lazio,,0,0,,3,3,,,,,,,3,4,0.75,50.0,38.0,1.32,29,15/06/1997,,,,6.63,0.2,6.83,Scommessa,1-9
115181,Hainaut,C,Venezia,6.38,4,7.25,1,1,0,0,0,0,0,0,5,4,2026-2027,hainaut,,,,,,,,,,,,,0,,4,0,1,1.0,venezia,3-2-2,1,1,probabili formazioni,0,0,,,,,,,11,4,2.75,,,,24,18/02/2002,,,,7.25,0.7,7.95,Semi-top,30-59
118972,Hasa,C,Frosinone,5.75,2,5.75,0,0,0,0,0,0,0,0,5,4,2026-2027,hasa,,,,,,,,,,,,,0,,0,2,0,0.0,frosinone,,0,0,,0,0,,,,,,,4,4,1.0,,,,22,06/01/2004,,,,5.75,0.2,5.95,Scommessa,1-9
97355,Helgason,C,Venezia,6.0,1,6.0,0,0,0,0,0,0,0,0,5,4,2026-2027,helgason,Lecce,5.93,5.93,8.0,0.0,0.0,0.0,0.0,0.0,0.0,0.0,0.0,1,0.07,0,1,0,0.0,venezia,,0,0,,0,0,,,,,,,11,4,2.75,50.0,38.0,1.32,26,28/09/2000,,,,5.95,-0.1,5.85,Scommessa,1-9
112387,Hutchinson,C,Milan,6.0,1,6.0,0,0,0,0,0,0,0,0,5,4,2026-2027,hutchinson,,,,,,,,,,,,,0,,0,1,0,0.0,milan,,0,0,,0,0,,,,,,,4,4,1.0,35.0,38.0,0.92,23,30/10/2003,,,,6.0,0.2,6.2,Scommessa,1-9
100764,Ilic,C,Lecce,6.5,3,6.67,0,2,0,0,0,0,1,0,5,4,2026-2027,ilic,Torino,5.75,5.62,8.0,0.0,0.0,0.0,0.0,0.0,0.0,2.0,0.0,1,1.05,2,1,2,0.5,lecce,,0,0,,0,0,,,,,,,7,4,1.75,63.0,38.0,1.66,25,17/03/2001,,,sesto centrocampista,6.18,0.2,6.38,Scommessa,1-9
112219,Ilkhan,C,Torino,6.0,2,6.0,0,0,0,0,0,0,0,0,5,4,2026-2027,ilkhan,Torino,6.17,6.33,19.0,1.0,2.0,0.0,0.0,0.0,0.0,2.0,1.0,0,-0.33,0,2,0,0.0,torino,,0,0,,0,0,,,,,,,7,4,1.75,63.0,38.0,1.66,22,01/06/2004,,,,6.25,0.2,6.45,Scommessa,1-9
120430,Inao Oulai,C,Fiorentina,6.0,3,6.0,0,0,0,0,0,0,0,0,5,4,2026-2027,inaooulai,,,,,,,,,,,,,0,,2,1,2,0.5,fiorentina,,0,0,,0,0,,,,,,,11,4,2.75,50.0,38.0,1.32,20,06/04/2006,,,,6.0,0.2,6.2,Scommessa,1-9
115754,Jashari,C,Milan,6.0,3,6.0,0,0,0,0,0,0,0,0,5,4,2026-2027,jashari,Milan,6.04,6.07,14.0,0.0,1.0,0.0,0.0,0.0,0.0,0.0,0.0,0,-0.07,1,2,1,0.25,milan,,0,0,,0,0,,,,,,,4,4,1.0,35.0,38.0,0.92,24,30/07/2002,,,,6.04,0.2,6.24,Scommessa,1-9
66359,Jones,C,Inter,6.17,3,6.17,0,0,0,0,0,0,0,0,5,4,2026-2027,jones,,,,,,,,,,,,,0,,0,3,0,0.0,inter,,0,0,,0,0,,,,,,,6,4,1.5,35.0,38.0,0.92,25,30/01/2001,,,,6.17,0.5,6.67,Scommessa,1-9
64560,Junior Messias,C,Genoa,6.0,4,6.0,0,0,0,0,0,0,0,0,5,4,2026-2027,juniormessias,Genoa,6.11,6.63,20.0,3.0,1.0,1.0,0.0,0.0,0.0,1.0,0.0,0,-0.63,0,4,0,0.0,genoa,,0,0,,0,0,,,,,,,8,4,2.0,51.0,38.0,1.34,35,13/05/1991,,,,6.39,-0.3,6.09,Scommessa,1-9
118183,Kaba,C,Lecce,0.0,1,0.0,0,0,0,0,0,0,0,0,5,4,2026-2027,kaba,,,,,,,,,,,,,0,,0,1,0,0.0,lecce,,0,0,,0,0,,,,,,,7,4,1.75,50.0,38.0,1.32,25,27/10/2001,,,,0.0,0.2,0.2,Scommessa,1-9
95556,Karlstrom,C,Udinese,6.5,4,7.12,1,0,0,0,0,0,1,0,5,4,2026-2027,karlstrom,Udinese,6.04,6.04,36.0,1.0,0.0,0.0,0.0,0.0,0.0,6.0,0.0,0,1.08,4,0,0,1.0,udinese,5-3-1,1,1,probabili formazioni,0,0,,,,,,,10,4,2.5,48.0,38.0,1.26,31,21/06/1995,,,,6.31,0.5,6.81,Scommessa,1-9
118111,Keita,C,Parma,6.0,4,5.88,0,0,0,0,0,0,1,0,5,4,2026-2027,keita,Parma,6.12,6.15,37.0,1.0,1.0,0.0,0.0,0.0,0.0,1.0,0.0,0,-0.27,4,0,1,1.0,parma,4-2-2,1,1,probabili formazioni,0,0,,,,,,,6,4,1.5,46.0,38.0,1.21,24,10/05/2002,,,,6.08,0.7,6.78,Scommessa,1-9
50707,Kessie,C,Atalanta,6.0,2,6.0,0,0,0,0,0,0,0,0,5,4,2026-2027,kessie,,,,,,,,,,,,,0,,1,1,1,0.25,atalanta,,0,0,,0,0,,,,,,,5,4,1.25,36.0,38.0,0.95,30,19/12/1996,,,,6.0,0.0,6.0,Scommessa,1-9
94761,Kike Perez,C,Venezia,5.75,4,5.62,0,0,0,0,0,0,1,0,5,4,2026-2027,kikeperez,,,,,,,,,,,,,0,,4,0,2,1.0,venezia,3-2-2,1,1,probabili formazioni,0,0,,,,,,,11,4,2.75,,,,29,14/02/1997,,,,5.62,0.7,6.32,Scommessa,1-9
120220,Konate,C,Parma,6.0,2,5.75,0,0,0,0,0,0,1,0,5,4,2026-2027,konate,,,,,,,,,,,,,0,,1,1,1,0.25,parma,,0,0,,0,0,,,,,,,6,4,1.5,46.0,38.0,1.21,20,25/11/2006,,,,5.75,0.2,5.95,Scommessa,1-9
70392,Kone,C,Roma,6.25,4,6.12,0,0,0,0,0,0,1,0,5,4,2026-2027,kone,Roma,6.28,6.57,29.0,2.0,3.0,0.0,0.0,0.0,0.0,2.0,0.0,0,-0.45,3,1,2,0.75,roma,4-2-3,1,1,probabili formazioni,0,0,,,,,,,1,4,0.25,31.0,38.0,0.82,25,17/05/2001,,,,6.44,1.3,7.74,Semi-top,30-59
68771,Koopmeiners,C,Juventus,6.5,4,7.38,1,1,0,0,0,0,0,0,5,4,2026-2027,koopmeiners,Juventus,6.06,5.98,33.0,0.0,0.0,0.0,0.0,0.0,0.0,5.0,0.0,0,1.4,1,3,1,0.25,juventus,4-3-3,1,1,probabili formazioni,0,0,,,,,,,4,4,1.0,34.0,38.0,0.89,28,28/02/1998,,,,6.35,0.7,7.05,Medio,10-29
119755,Liberali,C,Como,6.0,2,6.0,0,0,0,0,0,0,0,0,5,4,2026-2027,liberali,,,,,,,,,,,,,0,,0,2,0,0.0,como,,0,0,,0,0,,,,,,,4,4,1.0,29.0,38.0,0.76,19,06/04/2007,,,,6.0,0.8,6.8,Scommessa,1-9
120567,Libra,C,Bologna,6.25,2,6.25,0,0,0,0,0,0,0,0,5,4,2026-2027,libra,,,,,,,,,,,,,0,,0,2,0,0.0,bologna,,0,0,,0,0,,,,,,,5,4,1.25,46.0,38.0,1.21,18,21/03/2008,,,,6.25,0.2,6.45,Scommessa,1-9
116026,Lipani,C,Sassuolo,6.0,3,5.75,0,0,0,0,0,0,1,0,5,4,2026-2027,lipani,Sassuolo,5.89,5.85,24.0,0.0,1.0,0.0,0.0,0.0,0.0,3.0,0.0,0,-0.1,2,1,2,0.5,sassuolo,,0,0,,0,0,,,,,,,7,4,1.75,50.0,38.0,1.32,21,18/05/2005,,,,5.82,0.2,6.02,Scommessa,1-9
44090,Lobotka,C,Napoli,6.5,4,7.5,1,0,0,0,0,0,0,0,5,4,2026-2027,lobotka,Napoli,6.23,6.32,32.0,1.0,1.0,0.0,0.0,0.0,0.0,3.0,0.0,0,1.18,4,0,1,1.0,napoli,4-4-1,1,1,probabili formazioni,0,0,,,,,,,5,4,1.25,36.0,38.0,0.95,32,25/11/1994,,,,6.64,0.2,6.84,Scommessa,1-9
50523,Locatelli,C,Juventus,6.33,3,6.33,0,1,0,0,0,0,1,0,5,4,2026-2027,locatelli,Juventus,6.22,6.12,36.0,1.0,2.0,0.0,0.0,0.0,0.0,9.0,0.0,0,0.21,3,0,0,0.75,juventus,,0,0,,0,2,infortunato,Infortunio al menisco,07/01/2027,il metronomo del centrocampo bianconero ha rimediato la rottura del menisco esterno del ginocchio. Verrà operato a Lione a stretto giro. Lungo stop e possibilità di rivederlo in campo da gennaio.,113.0,sì,4,4,1.0,34.0,38.0,0.89,28,08/01/1998,,,,6.16,-0.5,5.66,Scommessa,1-9
49768,Loftus-Cheek,C,Milan,6.12,4,6.0,0,0,0,0,0,0,1,0,5,4,2026-2027,loftuscheek,Milan,6.08,6.5,28.0,3.0,1.0,0.0,0.0,0.0,0.0,2.0,0.0,0,-0.5,3,1,3,0.75,milan,,0,0,,0,0,,,,,,,4,4,1.0,35.0,38.0,0.92,30,23/01/1996,,,,6.35,0.0,6.35,Scommessa,1-9
52556,Lovric,C,Udinese,0.0,1,0.0,0,0,0,0,0,0,0,0,5,4,2026-2027,lovric,Verona,6.05,6.05,9.0,0.0,1.0,0.0,0.0,0.0,0.0,1.0,0.0,1,-6.05,0,1,0,0.0,udinese,,0,0,,0,0,,,,,,,10,4,2.5,61.0,38.0,1.61,28,28/03/1998,,,,4.54,-0.1,4.44,Scommessa,1-9
102394,Luis Henrique,C,Inter,6.25,2,6.25,0,0,0,0,0,0,0,0,5,4,2026-2027,luishenrique,Inter,6.13,6.26,30.0,1.0,2.0,0.0,0.0,0.0,0.0,1.0,0.0,0,-0.01,1,1,1,0.25,inter,,0,0,,0,0,,,,,,,6,4,1.5,35.0,38.0,0.92,25,14/12/2001,,,,6.26,0.5,6.76,Scommessa,1-9
94684,Luis Milla,C,Como,6.75,4,6.75,0,0,0,0,0,0,0,0,5,4,2026-2027,luismilla,,,,,,,,,,,,,0,,2,2,0,0.5,como,,0,0,,0,0,,,,,,,4,4,1.0,29.0,38.0,0.76,32,07/10/1994,,,,6.75,0.3,7.05,Medio,10-29
73082,Maldini,C,Cagliari,6.5,4,8.5,2,0,1,0,0,0,0,0,5,4,2026-2027,maldini,Lazio,6.19,6.58,13.0,2.0,1.0,0.0,0.0,0.0,0.0,0.0,0.0,1,1.92,4,0,4,1.0,cagliari,2-6-1,1,1,probabili formazioni,0,2,,,,,,,2,4,0.5,40.0,38.0,1.05,25,11/10/2001,,,,7.5,0.7,8.2,Semi-top,30-59
60933,Maleh,C,Lecce,6.25,4,6.25,0,0,0,0,0,0,0,0,5,4,2026-2027,maleh,Cremonese,5.93,6.05,14.0,1.0,0.0,0.0,0.0,0.0,0.0,2.0,1.0,1,0.2,1,3,1,0.25,lecce,4-3-1,1,1,probabili formazioni,0,0,,,,,,,7,4,1.75,57.0,38.0,1.5,28,22/08/1998,,,,6.14,0.7,6.84,Scommessa,1-9
49183,Mandragora,C,Torino,6.62,2,7.38,1,0,0,0,0,0,0,0,5,4,2026-2027,mandragora,Fiorentina,6.21,6.78,34.0,7.0,3.0,1.0,0.0,0.0,0.0,7.0,0.0,1,0.6,2,2,1,0.5,torino,,0,0,,3,2,,,,,,,7,4,1.75,50.0,38.0,1.32,29,29/06/1997,,,,6.87,0.2,7.07,Medio,10-29
110125,Masini,C,Frosinone,6.38,4,6.5,0,1,0,0,0,0,0,0,5,4,2026-2027,masini,Genoa,5.92,5.83,28.0,0.0,1.0,0.0,0.0,0.0,0.0,5.0,0.0,1,0.67,3,1,0,0.75,frosinone,3-4-3,1,1,probabili formazioni,0,0,,,,,,,4,4,1.0,51.0,38.0,1.34,25,27/01/2001,,,,6.03,0.7,6.73,Scommessa,1-9
120530,Mastantuono,C,Fiorentina,6.75,4,9.0,3,0,0,0,0,0,0,0,5,4,2026-2027,mastantuono,,,,,,,,,,,,,0,,4,0,3,1.0,fiorentina,4-4-0,1,1,probabili formazioni,0,1,,,,,,,11,4,2.75,50.0,38.0,1.32,19,14/08/2007,,,obiettivo,9.0,0.8,9.8,Top,60-100
19997,Matic,C,Sassuolo,6.25,4,6.25,0,1,0,0,0,0,1,0,5,4,2026-2027,matic,Sassuolo,6.07,6.06,34.0,1.0,1.0,0.0,0.0,0.0,0.0,7.0,1.0,0,0.19,4,0,3,1.0,sassuolo,2-4-3,1,1,probabili formazioni,0,0,,,,,,,7,4,1.75,50.0,38.0,1.32,38,01/08/1988,,,obiettivo mercato,6.11,0.2,6.31,Scommessa,1-9
119754,Mbangula,C,Bologna,0.0,2,0.0,0,0,0,0,0,0,0,0,5,4,2026-2027,mbangula,,,,,,,,,,,,,0,,0,2,0,0.0,bologna,,0,0,,0,0,,,,,,,5,4,1.25,46.0,38.0,1.21,22,16/01/2004,,,,0.0,0.2,0.2,Scommessa,1-9
95073,McKennie,C,Juventus,6.5,1,6.5,0,0,0,0,0,0,0,0,5,4,2026-2027,mckennie,Juventus,6.34,6.82,36.0,5.0,5.0,0.0,0.0,0.0,0.0,5.0,0.0,0,-0.32,1,0,0,0.25,juventus,,0,0,,0,0,infortunato,,,,,,4,4,1.0,34.0,38.0,0.89,28,28/08/1998,,,,6.8,0.0,6.8,Scommessa,1-9
62529,McTominay,C,Napoli,6.25,2,6.25,0,0,0,0,0,0,0,0,5,4,2026-2027,mctominay,Napoli,6.52,7.55,33.0,10.0,3.0,0.0,0.0,0.0,0.0,1.0,0.0,0,-1.3,2,0,1,0.5,napoli,,0,0,,0,0,infortunato,Problemi con il cuore,01/10/2026,Il centrocampista l'1 settembre a causa di una lieve aritmia benigna ha deciso di sottoporsi a un intervento di correzione tramite ablazione. Si confida di rivederlo in campo da metà ottobre.,15.0,,5,4,1.25,36.0,38.0,0.95,30,08/12/1996,,,,7.35,-0.2,7.15,Medio,10-29
120442,Meichtry,C,Genoa,6.0,4,6.0,0,0,0,0,0,0,0,0,5,4,2026-2027,meichtry,,,,,,,,,,,,,0,,0,4,0,0.0,genoa,,0,0,,0,0,,,,,,,8,4,2.0,51.0,38.0,1.34,21,08/07/2005,,,,6.0,0.2,6.2,Scommessa,1-9
120119,Miller,C,Udinese,5.75,4,5.62,0,0,0,0,0,0,1,0,5,4,2026-2027,miller,Udinese,6.05,6.03,24.0,0.0,2.0,0.0,0.0,0.0,0.0,4.0,0.0,0,-0.41,1,3,1,0.25,udinese,,0,0,,0,0,,,,,,,10,4,2.5,48.0,38.0,1.26,20,25/08/2006,,,,5.89,0.2,6.09,Scommessa,1-9
20517,Mkhitaryan,C,Inter,6.0,1,5.5,0,0,0,0,0,0,1,0,5,4,2026-2027,mkhitaryan,Inter,6.27,6.63,30.0,4.0,1.0,0.0,0.0,0.0,0.0,5.0,0.0,0,-1.13,1,0,1,0.25,inter,,0,0,,0,0,,,,,,,6,4,1.5,35.0,38.0,0.92,37,21/01/1989,,,,6.53,0.0,6.53,Scommessa,1-9
16909,Modric,C,Milan,6.12,4,6.12,0,0,0,0,0,0,0,0,5,4,2026-2027,modric,Milan,6.44,6.67,34.0,2.0,3.0,0.0,0.0,0.0,0.0,4.0,0.0,0,-0.55,3,1,3,0.75,milan,3-5-1,1,1,probabili formazioni,3,1,,,,,,,4,4,1.0,35.0,38.0,0.92,41,09/09/1985,,,,6.53,0.3,6.83,Scommessa,1-9
110798,Monteiro,C,Lecce,6.25,2,6.25,0,0,0,0,0,0,0,0,5,4,2026-2027,monteiro,,,,,,,,,,,,,0,,2,0,2,0.5,lecce,,0,0,,0,0,,,,,,,7,4,1.75,50.0,38.0,1.32,27,05/08/1999,,,,6.25,0.2,6.45,Scommessa,1-9
113444,Moreira,C,Milan,6.75,2,10.0,2,0,0,0,0,0,0,0,5,4,2026-2027,moreira,,,,,,,,,,,,,0,,1,1,1,0.25,milan,,0,0,,0,0,,,,,,,4,4,1.0,35.0,38.0,0.92,22,06/08/2004,,,obiettivo,10.0,0.2,10.2,Top,60-100
52254,Moro,C,Bologna,6.0,3,6.0,0,0,0,0,0,0,0,0,5,4,2026-2027,moro,Bologna,6.14,6.34,30.0,2.0,0.0,0.0,0.0,0.0,0.0,1.0,0.0,0,-0.34,0,3,0,0.0,bologna,,0,0,,0,0,,,,,,,5,4,1.25,46.0,38.0,1.21,28,12/03/1998,,,,6.26,0.2,6.46,Scommessa,1-9
120542,Mout,C,Monza,6.25,4,6.5,0,1,0,0,0,0,0,0,5,4,2026-2027,mout,,,,,,,,,,,,,0,,2,2,2,0.5,monza,,0,0,,0,0,,,,,,,11,4,2.75,,,,19,06/08/2007,,,,6.5,0.2,6.7,Scommessa,1-9
101929,Musah,C,Milan,6.25,4,6.25,0,0,0,0,0,0,0,0,5,4,2026-2027,musah,Atalanta,6.06,6.21,19.0,1.0,0.0,0.0,0.0,0.0,0.0,1.0,0.0,1,0.04,3,1,0,0.75,milan,,0,0,,0,0,,,,,,,4,4,1.0,36.0,38.0,0.95,24,29/11/2002,,,,6.23,0.2,6.43,Scommessa,1-9
116582,Ndour,C,Fiorentina,6.12,4,6.12,0,0,0,0,0,0,0,0,5,4,2026-2027,ndour,Fiorentina,6.0,6.31,33.0,3.0,0.0,0.0,0.0,0.0,0.0,2.0,0.0,0,-0.19,3,1,1,0.75,fiorentina,4-4-0,1,1,probabili formazioni,0,0,,,,,,,11,4,2.75,50.0,38.0,1.32,22,27/07/2004,,,,6.26,0.7,6.96,Medio,10-29
120280,Ngom,C,Lecce,6.0,4,5.88,0,0,0,0,0,0,1,0,5,4,2026-2027,ngom,Lecce,6.04,6.0,15.0,0.0,0.0,0.0,0.0,0.0,0.0,1.0,0.0,0,-0.12,3,1,2,0.75,lecce,,0,0,,0,0,,,,,,,7,4,1.75,50.0,38.0,1.32,22,09/03/2004,,,,5.95,0.2,6.15,Scommessa,1-9
102014,Odgaard,C,Bologna,5.75,4,5.62,0,0,0,0,0,0,1,0,5,4,2026-2027,odgaard,Bologna,6.02,6.77,26.0,5.0,1.0,0.0,0.0,0.0,0.0,1.0,0.0,0,-1.15,3,1,2,0.75,bologna,,0,0,,0,0,,,,,,,5,4,1.25,46.0,38.0,1.21,27,31/03/1999,,,,6.41,0.2,6.61,Scommessa,1-9
101863,Oier Zarraga,C,Udinese,6.0,3,6.0,0,0,0,0,0,0,0,0,5,4,2026-2027,oierzarraga,Udinese,6.0,5.93,24.0,0.0,0.0,0.0,0.0,0.0,0.0,2.0,0.0,0,0.07,0,3,0,0.0,udinese,,0,0,,0,0,,,,,,,10,4,2.5,48.0,38.0,1.26,27,04/01/1999,,,,5.95,0.2,6.15,Scommessa,1-9
119901,Ordonez,C,Parma,6.0,3,6.0,0,0,0,0,0,0,0,0,5,4,2026-2027,ordonez,Parma,5.88,5.94,28.0,1.0,0.0,0.0,0.0,0.0,0.0,4.0,0.0,0,0.06,3,0,2,0.75,parma,,0,0,,0,0,,,,,,,6,4,1.5,46.0,38.0,1.21,22,24/07/2004,,,,5.95,0.2,6.15,Scommessa,1-9
52468,Orsolini,C,Bologna,6.0,2,6.0,0,0,0,0,0,0,0,0,5,4,2026-2027,orsolini,Bologna,6.09,6.89,35.0,10.0,1.0,4.0,0.0,0.0,0.0,2.0,0.0,0,-0.89,1,1,2,0.25,bologna,,0,0,,1,1,infortunato,Infortunio alla coscia,23/09/2026,"l'ala offensiva dei felsinei fermo dal 31 agosto per un risentimento ai flessori della coscia sinistra lamentato a Bergamo. Recuperabile dalla seconda metà di settembre, proverà a strappare una convocazione in extremis già per sabato contro il Toro.",7.0,,5,4,1.25,46.0,38.0,1.21,29,24/01/1997,,,,6.76,0.6,7.36,Medio,10-29
40264,Pasalic,C,Atalanta,6.33,4,6.33,0,0,0,0,0,0,0,0,5,4,2026-2027,pasalic,Atalanta,6.14,6.42,33.0,3.0,4.0,0.0,0.0,0.0,0.0,3.0,0.0,0,-0.09,2,2,1,0.5,atalanta,,0,0,,0,0,,,,,,,5,4,1.25,36.0,38.0,0.95,31,09/02/1995,,,,6.4,0.0,6.4,Scommessa,1-9
116105,Paz,C,Como,6.62,4,7.5,1,1,0,0,0,0,0,0,5,4,2026-2027,paz,Como 1907,6.46,7.36,35.0,12.0,6.0,0.0,0.0,0.0,0.0,5.0,0.0,0,0.14,4,0,4,1.0,como,,0,1,stima da presenze,0,1,,,,,,,4,4,1.0,29.0,38.0,0.76,22,08/09/2004,,,,7.4,1.4,8.8,Top,60-100
116309,Perrone,C,Como,6.38,4,6.5,0,1,0,0,0,0,0,0,5,4,2026-2027,perrone,Como 1907,6.26,6.5,36.0,3.0,4.0,0.0,0.0,0.0,0.0,8.0,0.0,0,0.0,3,1,1,0.75,como,,0,1,stima da presenze,0,0,,,,,,,4,4,1.0,29.0,38.0,0.76,23,07/01/2003,,,,6.5,1.3,7.8,Semi-top,30-59
118992,Pierotti,C,Lecce,6.38,4,6.38,0,0,0,0,0,0,0,0,5,4,2026-2027,pierotti,Lecce,5.84,5.89,37.0,1.0,2.0,0.0,0.0,0.0,0.0,4.0,0.0,0,0.49,3,1,3,0.75,lecce,4-3-1,1,1,probabili formazioni,0,1,,,,,,,7,4,1.75,50.0,38.0,1.32,25,03/04/2001,,,,6.01,0.8,6.81,Scommessa,1-9
68546,Piotrowski,C,Udinese,6.33,3,7.0,1,0,0,0,0,0,2,0,5,4,2026-2027,piotrowski,Udinese,6.02,6.09,33.0,1.0,1.0,0.0,0.0,0.0,0.0,2.0,0.0,0,0.91,3,0,3,0.75,udinese,,0,0,,0,0,infortunato,Problema fisico,30/10/2026,"Il centrocampista ha ravvisato il 7 settembre contro la Lazio una lieve aritmia cardiaca benigna e si sottoporrà nei prossimi giorni ad un intervento di ablazione cardiaca. Osservato un periodo di riposo, potrà tornare alla regolare attività agonistica (ipotizziamo da fine ottobre).",44.0,sì,10,4,2.5,48.0,38.0,1.26,29,04/10/1997,,,,6.29,-0.5,5.79,Scommessa,1-9
116597,Pisilli,C,Roma,6.83,3,8.67,2,0,0,0,0,0,1,0,5,4,2026-2027,pisilli,Roma,6.28,6.57,25.0,2.0,4.0,0.0,0.0,0.0,0.0,3.0,0.0,0,2.1,1,2,0,0.25,roma,,0,0,,0,0,,,,,,,1,4,0.25,31.0,38.0,0.82,22,23/09/2004,,,obiettivo,7.13,0.8,7.93,Semi-top,30-59
60968,Pobega,C,Bologna,6.0,3,6.0,0,0,0,0,0,0,0,0,5,4,2026-2027,pobega,Bologna,6.1,6.44,26.0,3.0,1.0,0.0,0.0,0.0,0.0,2.0,1.0,0,-0.44,3,0,3,0.75,bologna,4-3-2,1,1,probabili formazioni,0,0,,,,,,,5,4,1.25,46.0,38.0,1.21,27,15/07/1999,,,,6.33,0.7,7.03,Medio,10-29
40864,Politano,C,Napoli,6.25,4,6.88,1,0,0,0,0,0,1,0,5,4,2026-2027,politano,Napoli,6.19,6.44,34.0,2.0,5.0,0.0,0.0,0.0,0.0,4.0,0.0,0,0.44,4,0,3,1.0,napoli,4-4-1,1,1,probabili formazioni,3,2,,,,,,,5,4,1.25,36.0,38.0,0.95,33,03/08/1993,,,,6.55,0.2,6.75,Scommessa,1-9
102205,Pote,C,Fiorentina,6.0,2,6.0,0,0,0,0,0,0,0,0,5,4,2026-2027,pote,,,,,,,,,,,,,0,,0,2,0,0.0,fiorentina,,0,0,,0,0,,,,,,,11,4,2.75,50.0,38.0,1.32,28,28/06/1998,,,,6.0,0.2,6.2,Scommessa,1-9
53448,Pulisic,C,Milan,7.0,1,7.0,0,1,0,0,0,0,1,0,5,4,2026-2027,pulisic,Milan,6.31,7.21,30.0,8.0,4.0,0.0,0.0,0.0,0.0,0.0,0.0,0,-0.21,0,1,0,0.0,milan,3-5-1,1,1,probabili formazioni,2,2,,,,,,,4,4,1.0,35.0,38.0,0.92,28,18/09/1998,,,,7.19,0.9,8.09,Semi-top,30-59
38053,Rabiot,C,Milan,6.5,4,7.75,1,2,0,0,0,0,0,0,5,4,2026-2027,rabiot,Milan,6.37,7.0,29.0,6.0,4.0,0.0,0.0,0.0,0.0,5.0,0.0,0,0.75,2,2,1,0.5,milan,3-5-1,1,1,probabili formazioni,0,0,,,,,,,4,4,1.0,35.0,38.0,0.92,31,03/04/1995,,,obiettivo,7.22,0.5,7.72,Medio,10-29
69264,Ricci,C,Como,0.0,2,0.0,0,0,0,0,0,0,0,0,5,4,2026-2027,ricci,Milan,6.15,6.27,31.0,1.0,4.0,0.0,0.0,0.0,0.0,3.0,0.0,1,-6.27,0,2,0,0.0,como,,0,0,,0,0,,,,,,,4,4,1.0,35.0,38.0,0.92,25,21/08/2001,,,,5.25,0.8,6.05,Scommessa,1-9
120558,Rodrigo Mora,C,Roma,6.62,4,7.38,1,0,0,0,0,0,0,0,5,4,2026-2027,rodrigomora,,,,,,,,,,,,,0,,2,2,2,0.5,roma,,0,0,,0,0,,,,,,,1,4,0.25,31.0,38.0,0.82,19,05/05/2007,,,,7.38,0.8,8.18,Semi-top,30-59
119818,Romano,C,Cagliari,6.75,4,7.75,1,0,0,0,0,0,0,0,5,4,2026-2027,romano,,,,,,,,,,,,,0,,4,0,0,1.0,cagliari,2-6-1,1,1,probabili formazioni,0,3,,,,,,,2,4,0.5,53.0,38.0,1.39,20,17/06/2006,,,,7.75,0.7,8.45,Top,60-100
70706,Rovella,C,Lazio,6.25,2,6.25,0,0,0,0,0,0,0,0,5,4,2026-2027,rovella,Lazio,6.09,5.95,11.0,0.0,1.0,0.0,0.0,0.0,0.0,2.0,1.0,0,0.3,2,0,1,0.5,lazio,,0,0,,0,1,infortunato,,,il regista dei biancocelesti KO il 30 agosto contro il Genoa vittima di una lesione muscolare al polpaccio che lo terrà ai box fino alla prima metà di ottobre.,,sì,3,4,0.75,40.0,38.0,1.05,25,04/12/2001,,,,6.06,-0.4,5.66,Scommessa,1-9
65986,Saelemaekers,C,Milan,6.17,3,6.33,0,1,0,0,0,0,0,0,5,4,2026-2027,saelemaekers,Milan,6.33,6.56,35.0,3.0,3.0,0.0,0.0,0.0,0.0,5.0,0.0,0,-0.23,1,2,1,0.25,milan,,0,0,,0,3,,,,,,,4,4,1.0,35.0,38.0,0.92,27,27/06/1999,,,,6.51,0.2,6.71,Scommessa,1-9
95081,Samardzic,C,Atalanta,6.25,4,7.25,1,0,0,0,0,0,0,0,5,4,2026-2027,samardzic,Atalanta,6.17,6.46,26.0,2.0,1.0,0.0,0.0,0.0,0.0,1.0,0.0,0,0.79,2,2,2,0.5,atalanta,4-3-2,1,1,probabili formazioni,3,2,,,,,,,5,4,1.25,36.0,38.0,0.95,24,24/02/2002,,,,6.71,0.7,7.41,Medio,10-29
102659,Sarr,C,Juventus,6.0,1,6.0,0,0,0,0,0,0,0,0,5,4,2026-2027,sarr,,,,,,,,,,,,,0,,0,1,0,0.0,juventus,,0,0,,0,0,,,,,,,4,4,1.0,34.0,38.0,0.89,24,14/09/2002,,,,6.0,0.2,6.2,Scommessa,1-9
59311,Schmid,C,Frosinone,5.75,4,5.62,0,1,0,0,0,0,2,0,5,4,2026-2027,schmid,,,,,,,,,,,,,0,,4,0,3,1.0,frosinone,3-4-3,1,1,probabili formazioni,2,2,,,,,,,4,4,1.0,,,,26,27/01/2000,,,,5.62,0.9,6.52,Scommessa,1-9
53045,Sierro,C,Parma,6.0,2,6.0,0,0,0,0,0,0,0,0,5,4,2026-2027,sierro,,,,,,,,,,,,,0,,1,1,1,0.25,parma,,0,0,,0,0,,,,,,,6,4,1.5,46.0,38.0,1.21,31,08/10/1995,,,,6.0,0.0,6.0,Scommessa,1-9
102496,Sohm,C,Venezia,5.5,3,5.17,0,0,0,0,0,0,2,0,5,4,2026-2027,sohm,Bologna,6.0,5.98,13.0,0.0,0.0,0.0,0.0,0.0,0.0,1.0,0.0,1,-0.81,2,1,2,0.5,venezia,,0,0,,0,0,,,,,,,11,4,2.75,46.0,38.0,1.21,25,11/04/2001,,,,5.65,0.2,5.85,Scommessa,1-9
54189,Sow,C,Genoa,6.0,4,6.0,0,1,0,0,0,0,1,0,5,4,2026-2027,sow,,,,,,,,,,,,,0,,3,1,3,0.75,genoa,2-4-1,1,1,probabili formazioni,0,0,,,,,,,8,4,2.0,51.0,38.0,1.34,29,06/02/1997,,,,6.0,0.7,6.7,Scommessa,1-9
115525,Stankovic,C,Inter,0.0,2,0.0,0,0,0,0,0,0,0,0,5,4,2026-2027,stankovic,,,,,,,,,,,,,0,,0,2,0,0.0,inter,,0,0,,0,0,,,,,,,6,4,1.5,35.0,38.0,0.92,21,03/08/2005,,,,0.0,0.5,0.5,Scommessa,1-9
102896,Sucic,C,Inter,6.33,3,6.33,0,0,0,0,0,0,0,0,5,4,2026-2027,sucic,Inter,6.3,6.45,34.0,2.0,2.0,0.0,0.0,0.0,0.0,5.0,0.0,0,-0.12,2,1,2,0.5,inter,,0,0,,0,0,,,,,,,6,4,1.5,35.0,38.0,0.92,23,25/10/2003,,,,6.42,0.5,6.92,Scommessa,1-9
115169,Sulemana,C,Sassuolo,6.0,1,6.0,0,0,0,0,0,0,0,0,5,4,2026-2027,sulemana,Cagliari,6.08,6.19,16.0,1.0,0.0,0.0,0.0,0.0,0.0,2.0,0.0,1,-0.19,0,1,0,0.0,sassuolo,,0,0,,0,0,,,,,,,7,4,1.75,53.0,38.0,1.39,23,22/05/2003,,,,6.16,0.2,6.36,Scommessa,1-9
102241,Taylor,C,Lazio,6.38,4,6.38,0,0,0,0,0,0,0,0,5,4,2026-2027,taylor,Lazio,6.26,6.76,17.0,3.0,2.0,0.0,0.0,0.0,0.0,5.0,0.0,0,-0.38,4,0,1,1.0,lazio,3-4-2,1,1,probabili formazioni,0,0,,,,,,,3,4,0.75,40.0,38.0,1.05,24,16/05/2002,,,,6.6,0.7,7.3,Medio,10-29
111005,Thorstvedt,C,Sassuolo,6.25,4,6.25,0,0,0,0,0,0,0,0,5,4,2026-2027,thorstvedt,Sassuolo,6.11,6.45,32.0,4.0,4.0,0.0,0.0,0.0,0.0,9.0,0.0,0,-0.2,1,3,1,0.25,sassuolo,,0,0,,0,0,,,,,,,7,4,1.75,50.0,38.0,1.32,27,13/03/1999,,,,6.4,0.2,6.6,Scommessa,1-9
120639,Toni Fernandez,C,Venezia,5.5,2,5.5,0,0,0,0,0,0,0,0,5,4,2026-2027,tonifernandez,,,,,,,,,,,,,0,,0,2,0,0.0,venezia,,0,0,,0,0,,,,,,,11,4,2.75,,,,18,15/07/2008,,,,5.5,0.2,5.7,Scommessa,1-9
116835,Unai Gomez,C,Udinese,6.33,4,6.5,0,1,0,0,0,0,1,0,5,4,2026-2027,unaigomez,,,,,,,,,,,,,0,,3,1,3,0.75,udinese,5-3-1,1,1,probabili formazioni,0,3,,,,,,,10,4,2.5,48.0,38.0,1.26,23,25/05/2003,,,,6.5,0.7,7.2,Medio,10-29
111808,Vergara,C,Napoli,6.5,3,7.5,1,1,0,0,0,0,1,0,5,4,2026-2027,vergara,Napoli,6.2,6.5,12.0,1.0,2.0,0.0,0.0,0.0,0.0,2.0,0.0,0,1.0,2,1,2,0.5,napoli,,0,0,,0,0,,,,,,,5,4,1.25,36.0,38.0,0.95,23,16/01/2003,,,,6.93,0.2,7.13,Medio,10-29
46949,Vlasic,C,Torino,6.12,4,6.12,0,0,0,0,0,0,0,0,5,4,2026-2027,vlasic,Torino,6.27,6.93,37.0,8.0,3.0,5.0,0.0,0.0,0.0,7.0,0.0,0,-0.81,4,0,0,1.0,torino,3-4-1,1,1,probabili formazioni,1,1,,,,,,,7,4,1.75,63.0,38.0,1.66,29,04/10/1997,,,,6.73,1.3,8.03,Semi-top,30-59
111630,Volpato,C,Sassuolo,6.33,3,7.17,1,0,0,0,0,0,1,0,5,4,2026-2027,volpato,Sassuolo,6.21,6.5,24.0,2.0,4.0,0.0,0.0,0.0,0.0,4.0,0.0,0,0.67,3,0,3,0.75,sassuolo,,0,0,,0,0,infortunato,Infortunio muscolare,,l'esterno offensivo dei neroverdi KO il 6 settembre a Bologna vittima di una lesione di grado moderato al flessore della gamba destra. Recuperabile dall'inizio di ottobre.,,sì,7,4,1.75,50.0,38.0,1.32,23,15/11/2003,,,,6.68,-0.5,6.18,Scommessa,1-9
45103,Winks,C,Cagliari,6.38,4,6.38,0,0,0,0,0,0,0,0,5,4,2026-2027,winks,,,,,,,,,,,,,0,,4,0,1,1.0,cagliari,2-6-1,1,1,probabili formazioni,0,0,,,,,,,2,4,0.5,53.0,38.0,1.39,30,02/02/1996,,,,6.38,0.5,6.88,Scommessa,1-9
43177,Zaccagni,C,Lazio,6.75,4,6.75,0,2,0,0,0,0,2,0,5,4,2026-2027,zaccagni,Lazio,5.94,6.02,26.0,3.0,0.0,0.0,0.0,0.0,0.0,6.0,1.0,0,0.73,4,0,1,1.0,lazio,3-4-2,1,1,probabili formazioni,1,2,,,,,,,3,4,0.75,40.0,38.0,1.05,31,16/06/1995,,,,6.25,1.0,7.25,Medio,10-29
102680,Zalewski,C,Atalanta,6.33,3,6.5,0,1,0,0,0,0,0,0,5,4,2026-2027,zalewski,Atalanta,6.27,6.48,33.0,2.0,4.0,0.0,0.0,0.0,0.0,3.0,0.0,0,0.02,1,2,1,0.25,atalanta,,0,0,,0,0,,,,,,,5,4,1.25,36.0,38.0,0.95,24,23/01/2002,,,,6.48,0.2,6.68,Scommessa,1-9
61639,Zaniolo,C,Udinese,6.0,1,6.0,0,0,0,0,0,0,0,0,5,4,2026-2027,zaniolo,Udinese,6.26,6.79,32.0,5.0,6.0,0.0,0.0,0.0,0.0,8.0,0.0,0,-0.79,1,0,1,0.25,udinese,,0,0,,3,1,infortunato,,,,,,10,4,2.5,48.0,38.0,1.26,27,02/07/1999,,,,6.72,0.1,6.82,Scommessa,1-9
110520,Zerbin,C,Frosinone,6.0,3,6.0,0,0,0,0,0,0,0,0,5,4,2026-2027,zerbin,Cremonese,5.8,5.83,32.0,0.0,3.0,0.0,0.0,0.0,0.0,1.0,0.0,1,0.17,0,3,0,0.0,frosinone,,0,0,,0,0,,,,,,,4,4,1.0,57.0,38.0,1.5,27,03/03/1999,,,,5.87,0.2,6.07,Scommessa,1-9
96934,Zhegrova,C,Juventus,6.75,3,9.75,2,0,0,0,0,0,0,0,5,4,2026-2027,zhegrova,Juventus,5.93,5.9,19.0,0.0,0.0,0.0,0.0,0.0,0.0,1.0,0.0,0,3.85,0,3,0,0.0,juventus,,0,0,,0,0,,,,,,,4,4,1.0,34.0,38.0,0.89,27,31/03/1999,,,,7.14,0.2,7.34,Medio,10-29
38482,Zielinski,C,Inter,6.75,4,7.88,1,1,0,0,0,0,0,0,5,4,2026-2027,zielinski,Inter,6.4,6.97,34.0,6.0,3.0,1.0,0.0,0.0,0.0,3.0,0.0,0,0.91,3,1,3,0.75,inter,4-3-2,1,1,probabili formazioni,2,3,,,,,,,6,4,1.5,35.0,38.0,0.92,32,20/05/1994,,,,7.21,0.7,7.91,Semi-top,30-59
95480,Aboukhlal,A,Torino,5.5,2,5.5,0,0,0,0,0,0,0,0,5,4,2026-2027,aboukhlal,Torino,5.71,5.54,15.0,0.0,0.0,0.0,0.0,0.0,0.0,4.0,0.0,0,-0.04,0,2,0,0.0,torino,,0,0,,0,0,,,,,,,7,4,1.75,63.0,38.0,1.66,26,18/02/2000,,,,5.53,0.2,5.73,Scommessa,1-14
71896,Adams,A,Torino,6.67,3,9.0,2,0,0,0,0,0,0,0,5,4,2026-2027,adams,Torino,6.06,6.73,33.0,6.0,2.0,0.0,0.0,0.0,0.0,0.0,0.0,0,2.27,2,1,1,0.5,torino,,0,0,,0,0,infortunato,Infortunio agli adduttori,11/10/2026,"L'attaccante frenato a metà settembre da una lesione distrattiva di basso grado all'adduttore, forfait contro Roma e Bologna. Punta a recuperare nella sosta per essere poi arruolabile dalla prima metà di ottobre.",25.0,,7,4,1.75,63.0,38.0,1.66,30,13/07/1996,,,,7.22,-0.2,7.02,Scommessa,1-14
118061,Adams,A,Venezia,6.12,4,6.88,1,0,0,0,0,0,0,0,5,4,2026-2027,adams,,,,,,,,,,,,,0,,4,0,1,1.0,venezia,3-2-2,1,1,probabili formazioni,2,0,,,,,,,11,4,2.75,,,,26,29/01/2000,,,,6.88,0.9,7.78,Medio,15-49
120447,Alajbegovic,A,Juventus,5.83,3,5.83,0,0,0,0,0,0,0,0,5,4,2026-2027,alajbegovic,,,,,,,,,,,,,0,,2,1,2,0.5,juventus,4-3-3,1,1,probabili formazioni,0,0,,,,,,,4,4,1.0,34.0,38.0,0.89,19,21/09/2007,,,,5.83,0.7,6.53,Scommessa,1-14
114004,Albion Rrahmani,A,Venezia,6.0,3,6.0,0,0,0,0,0,0,0,0,5,4,2026-2027,albionrrahmani,,,,,,,,,,,,,0,,1,2,1,0.25,venezia,,0,0,,0,0,,,,,,,11,4,2.75,,,,26,31/08/2000,,,,6.0,0.2,6.2,Scommessa,1-14
102693,Almqvist,A,Parma,5.83,4,5.83,0,1,0,0,0,0,1,0,5,4,2026-2027,almqvist,Parma,5.77,5.81,13.0,0.0,1.0,0.0,0.0,0.0,0.0,0.0,0.0,0,0.02,0,4,0,0.0,parma,,0,0,,0,0,,,,,,,6,4,1.5,46.0,38.0,1.21,27,10/07/1999,,,,5.82,0.2,6.02,Scommessa,1-14
68893,Bayo,A,Udinese,5.83,3,5.83,0,1,0,0,0,0,1,0,5,4,2026-2027,bayo,Udinese,5.62,5.71,15.0,0.0,2.0,0.0,0.0,0.0,0.0,0.0,0.0,0,0.12,0,3,0,0.0,udinese,,0,0,,0,0,,,,,,,10,4,2.5,48.0,38.0,1.26,29,10/01/1997,,,,5.76,0.2,5.96,Scommessa,1-14
35059,Berardi,A,Sassuolo,6.83,3,8.17,1,0,0,0,0,0,0,0,5,4,2026-2027,berardi,Sassuolo,6.21,7.1,26.0,8.0,4.0,2.0,0.0,0.0,0.0,2.0,1.0,0,1.07,1,2,1,0.25,sassuolo,2-4-3,1,1,probabili formazioni,1,1,,,,,,,7,4,1.75,50.0,38.0,1.32,32,01/08/1994,,,,7.38,0.8,8.18,Medio,15-49
111387,Beto,A,Fiorentina,6.25,2,6.5,0,1,0,0,0,0,0,0,5,4,2026-2027,beto,,,,,,,,,,,,,0,,1,1,1,0.25,fiorentina,,0,0,,1,0,,,,,,,11,4,2.75,50.0,38.0,1.32,28,31/01/1998,,,,6.5,0.7,7.2,Scommessa,1-14
112727,Bîrligea,A,Frosinone,6.0,2,6.0,0,0,0,0,0,0,0,0,5,4,2026-2027,birligea,,,,,,,,,,,,,0,,0,2,0,0.0,frosinone,,0,0,,0,0,,,,,,,4,4,1.0,,,,26,19/04/2000,,,,6.0,0.2,6.2,Scommessa,1-14
98442,Bobcek,A,Frosinone,6.5,1,6.5,0,0,0,0,0,0,0,0,5,4,2026-2027,bobcek,,,,,,,,,,,,,0,,0,1,0,0.0,frosinone,,0,0,,3,0,,,,,,,4,4,1.0,,,,25,08/09/2001,,,,6.5,0.2,6.7,Scommessa,1-14
46806,Boga,A,Juventus,6.33,3,6.33,0,0,0,0,0,0,0,0,5,4,2026-2027,boga,Juventus,6.31,7.35,15.0,4.0,0.0,0.0,0.0,0.0,0.0,1.0,0.0,0,-1.02,1,2,1,0.25,juventus,,0,0,,0,0,infortunato,Infortunio al bicipite femorale,07/10/2026,"l'ala offensiva dei bianconeri fermo dopo il match contro il Milan (6 settembre) per una lesione di medio grado del bicipite femorale. Attesi nuovi esami medici a fine settembre per stabilire con esattezza i tempi di recupero, ma ipotizziamo oggi un possibile rientro dalla metà di ottobre.",21.0,,4,4,1.0,34.0,38.0,0.89,29,03/01/1997,,,,6.97,0.0,6.97,Scommessa,1-14
111489,Bonny,A,Inter,6.33,3,7.33,1,0,0,0,0,0,0,0,5,4,2026-2027,bonny,Inter,6.11,6.77,33.0,5.0,4.0,0.0,0.0,0.0,0.0,1.0,0.0,0,0.56,0,3,0,0.0,inter,,0,0,,0,0,,,,,,,6,4,1.5,35.0,38.0,0.92,23,25/10/2003,,,,6.89,0.5,7.39,Medio,15-49
120319,Bowie,A,Sassuolo,6.25,4,7.0,1,0,0,0,0,0,0,0,5,4,2026-2027,bowie,Verona,5.9,6.77,14.0,4.0,0.0,0.0,0.0,0.0,0.0,1.0,0.0,1,0.23,3,1,2,0.75,sassuolo,2-4-3,1,1,probabili formazioni,0,0,,,,,,,7,4,1.75,61.0,38.0,1.61,24,21/09/2002,,,,6.88,0.7,7.58,Medio,15-49
118749,Camarda,A,Milan,0.0,1,0.0,0,0,0,0,0,0,0,0,5,4,2026-2027,camarda,Lecce,5.65,5.65,21.0,1.0,0.0,0.0,0.0,0.0,0.0,1.0,0.0,1,-5.65,0,1,0,0.0,milan,,0,0,,0,0,,,,,,,4,4,1.0,50.0,38.0,1.32,18,10/03/2008,,,,4.94,0.2,5.14,Scommessa,1-14
102053,Cambiaghi,A,Bologna,5.62,4,5.5,0,0,0,0,0,0,1,0,5,4,2026-2027,cambiaghi,Bologna,6.02,6.36,28.0,3.0,4.0,0.0,0.0,0.0,0.0,3.0,1.0,0,-0.86,4,0,3,1.0,bologna,4-3-2,1,1,probabili formazioni,0,0,,,,,,,5,4,1.25,46.0,38.0,1.21,26,28/12/2000,,,,6.1,0.7,6.8,Scommessa,1-14
102766,Cancellieri,A,Lazio,6.25,4,6.88,1,0,0,0,0,0,1,0,5,4,2026-2027,cancellieri,Lazio,5.93,6.33,30.0,4.0,2.0,0.0,0.0,0.0,0.0,6.0,0.0,0,0.55,3,1,3,0.75,lazio,3-4-2,1,1,probabili formazioni,0,0,,,,,,,3,4,0.75,40.0,38.0,1.05,24,12/02/2002,,,,6.49,0.7,7.19,Scommessa,1-14
119094,Castro,A,Roma,5.75,4,5.75,0,0,0,0,0,0,0,0,5,4,2026-2027,castro,Bologna,6.01,6.69,35.0,7.0,2.0,0.0,0.0,0.0,0.0,3.0,0.0,1,-0.94,0,4,0,0.0,roma,,0,0,,3,0,,,,,,,1,4,0.25,46.0,38.0,1.21,22,18/09/2004,,,,6.45,0.5,6.95,Scommessa,1-14
95165,Colombo,A,Genoa,5.62,4,5.0,0,1,0,0,0,0,0,0,5,4,2026-2027,colombo,Genoa,5.96,6.5,38.0,7.0,1.0,1.0,0.0,0.0,0.0,2.0,0.0,0,-1.5,4,0,3,1.0,genoa,2-4-1,1,1,probabili formazioni,1,0,,,,,,,8,4,2.0,51.0,38.0,1.34,24,08/03/2002,,,,6.14,1.2,7.34,Scommessa,1-14
51306,Cutrone,A,Monza,6.0,3,6.0,0,0,0,0,0,0,0,0,5,4,2026-2027,cutrone,,,,,,,,,,,,,0,,1,2,0,0.25,monza,,0,0,,1,0,,,,,,,11,4,2.75,,,,28,03/01/1998,,,,6.0,0.7,6.7,Scommessa,1-14
100862,Dany Mota,A,Monza,6.0,2,6.0,0,0,0,0,0,0,0,0,5,4,2026-2027,danymota,,,,,,,,,,,,,0,,1,1,1,0.25,monza,,0,0,,0,0,,,,,,,11,4,2.75,,,,28,02/05/1998,,,,6.0,0.2,6.2,Scommessa,1-14
61894,David Neres,A,Napoli,5.75,2,5.75,0,0,0,0,0,0,0,0,5,4,2026-2027,davidneres,Napoli,6.22,6.91,16.0,3.0,3.0,0.0,0.0,0.0,0.0,3.0,0.0,0,-1.16,0,2,0,0.0,napoli,,0,0,,0,0,,,,,,,5,4,1.25,36.0,38.0,0.95,29,03/03/1997,,,,6.59,0.2,6.79,Scommessa,1-14
58086,Davis,A,Udinese,6.0,3,6.17,0,2,0,0,0,0,1,0,5,4,2026-2027,davis,Udinese,6.22,7.22,30.0,10.0,4.0,4.0,0.0,0.0,0.0,5.0,0.0,0,-1.05,3,0,3,0.75,udinese,5-3-1,1,1,probabili formazioni,1,0,,,,,,,10,4,2.5,48.0,38.0,1.26,28,13/02/1998,,,,6.98,1.2,8.18,Medio,15-49
95519,De Ketelaere,A,Atalanta,6.0,4,6.12,0,1,0,0,0,0,0,0,5,4,2026-2027,deketelaere,Atalanta,6.11,6.48,31.0,3.0,5.0,0.0,0.0,0.0,0.0,4.0,0.0,0,-0.36,3,1,1,0.75,atalanta,4-3-2,1,1,probabili formazioni,0,1,,,,,,,5,4,1.25,36.0,38.0,0.95,25,10/03/2001,,,,6.38,0.8,7.18,Scommessa,1-14
118419,Diao,A,Como,6.75,4,8.62,2,1,0,0,0,0,0,0,5,4,2026-2027,diao,Como 1907,6.06,6.42,17.0,2.0,1.0,0.0,0.0,0.0,0.0,2.0,0.0,0,2.2,3,1,3,0.75,como,,0,1,stima da presenze,0,0,,,,,,,4,4,1.0,29.0,38.0,0.76,21,07/09/2005,,,,7.33,1.0,8.33,Semi-top,50-109
119760,Dominguez,A,Sassuolo,5.5,3,5.5,0,0,0,0,0,0,0,0,5,4,2026-2027,dominguez,Bologna,5.89,5.96,15.0,0.0,3.0,0.0,0.0,0.0,0.0,1.0,0.0,1,-0.46,0,3,0,0.0,sassuolo,,0,0,,0,0,,,,,,,7,4,1.75,46.0,38.0,1.21,23,19/09/2003,,,,5.79,0.2,5.99,Scommessa,1-14
118290,Douvikas,A,Como,6.62,4,8.5,2,0,0,0,0,0,0,0,5,4,2026-2027,douvikas,Como 1907,6.32,7.67,38.0,14.0,1.0,1.0,0.0,0.0,0.0,0.0,0.0,0,0.83,3,1,1,0.75,como,,0,1,stima da presenze,3,0,,,,,,,4,4,1.0,29.0,38.0,0.76,27,02/08/1999,,,,7.87,1.0,8.87,Semi-top,50-109
53582,Dovbyk,A,Bologna,6.0,3,7.0,1,0,0,0,0,0,1,0,5,4,2026-2027,dovbyk,Roma,6.12,7.08,14.0,3.0,1.0,0.0,0.0,0.0,0.0,0.0,0.0,1,-0.08,0,3,0,0.0,bologna,,0,0,,3,0,infortunato,Problema muscolare,18/09/2026,"L'attaccante non al meglio per noie muscolari al flessore, assente domenica scorsa a Napoli. Da valutare in settimana verso il match di sabato contro il Torino nella 5a giornata di campionato.",2.0,,5,4,1.25,31.0,38.0,0.82,29,21/06/1997,,,,7.05,0.0,7.05,Scommessa,1-14
37689,Dybala,A,Roma,7.0,4,7.5,0,4,0,0,0,0,0,0,5,4,2026-2027,dybala,Roma,6.36,6.68,22.0,2.0,6.0,0.0,0.0,0.0,0.0,0.0,0.0,0,0.82,4,0,3,1.0,roma,4-2-3,1,1,probabili formazioni,2,1,,,,,,,1,4,0.25,31.0,38.0,0.82,33,15/11/1993,,,,6.97,0.8,7.77,Medio,15-49
114932,El Azzouzi,A,Bologna,5.0,1,4.5,0,0,0,0,0,0,1,0,5,4,2026-2027,elazzouzi,,,,,,,,,,,,,0,,1,0,1,0.25,bologna,,0,0,,0,0,infortunato,,,"Il centrocampista ai box per una lesione del bicipite femorale della coscia sinistra, recuperabile dalla seconda metà di settembre.",,,5,4,1.25,46.0,38.0,1.21,25,29/05/2001,,,,4.5,0.0,4.5,Scommessa,1-14
120320,Elphege,A,Parma,5.25,3,5.25,0,0,0,0,0,0,0,0,5,4,2026-2027,elphege,Parma,6.0,6.85,9.0,2.0,1.0,0.0,0.0,0.0,0.0,0.0,0.0,0,-1.6,1,2,1,0.25,parma,,0,0,,0,0,,,,,,,6,4,1.5,46.0,38.0,1.21,25,09/01/2001,,,,6.05,0.2,6.25,Scommessa,1-14
115299,Enem,A,Bologna,0.0,1,0.0,0,0,0,0,0,0,0,0,5,4,2026-2027,enem,,,,,,,,,,,,,0,,0,1,0,0.0,bologna,,0,0,,0,0,,,,,,,5,4,1.25,46.0,38.0,1.21,23,11/03/2003,,,,0.0,0.2,0.2,Scommessa,1-14
70991,Esposito,A,Sassuolo,7.0,1,10.0,1,0,0,0,0,0,0,0,5,4,2026-2027,esposito,Cagliari,6.1,6.69,36.0,7.0,5.0,1.0,0.0,0.0,0.0,6.0,0.0,1,3.31,1,0,1,0.25,sassuolo,,0,0,,0,0,,,,,,,7,4,1.75,53.0,38.0,1.39,24,02/07/2002,,,,6.94,0.2,7.14,Scommessa,1-14
118085,Esposito,A,Inter,6.88,4,8.75,2,1,0,0,0,0,0,0,5,4,2026-2027,esposito,Inter,6.14,6.86,35.0,7.0,3.0,0.0,0.0,0.0,0.0,1.0,0.0,0,1.89,4,0,2,1.0,inter,,0,0,,0,0,,,,,,,6,4,1.5,35.0,38.0,0.92,21,28/06/2005,,,,7.34,0.5,7.84,Medio,15-49
120610,Fatah,A,Lecce,5.5,3,5.5,0,0,0,0,0,0,0,0,5,4,2026-2027,fatah,,,,,,,,,,,,,0,,0,3,0,0.0,lecce,,0,0,,0,0,,,,,,,7,4,1.75,50.0,38.0,1.32,22,19/02/2004,,,,5.5,0.2,5.7,Scommessa,1-14
102065,Felici,A,Cagliari,5.5,2,5.5,0,0,0,0,0,0,0,0,5,4,2026-2027,felici,Cagliari,6.05,6.55,12.0,2.0,1.0,0.0,0.0,0.0,0.0,3.0,0.0,0,-1.05,0,2,1,0.0,cagliari,,0,0,,0,0,infortunato,Rottura del legamento crociato,,il centrocampista KO il 7 settembre contro il Lecce in casa vittima della rottura del legamento crociato anteriore. Verrà operato e costretto a un lungo stop (ipotizziamo un rientro da marzo).,,sì,2,4,0.5,53.0,38.0,1.39,25,17/04/2001,,,,6.2,-0.5,5.7,Scommessa,1-14
116509,Fini,A,Frosinone,6.12,4,6.12,0,0,0,0,0,0,0,0,5,4,2026-2027,fini,,,,,,,,,,,,,0,,3,1,3,0.75,frosinone,,0,0,,0,0,,,,,,,4,4,1.0,,,,20,02/06/2006,,,,6.12,0.2,6.32,Scommessa,1-14
118464,Forson,A,Monza,6.0,4,6.0,0,0,0,0,0,0,0,0,5,4,2026-2027,forson,,,,,,,,,,,,,0,,1,3,1,0.25,monza,,0,0,,0,0,,,,,,,11,4,2.75,,,,22,20/07/2004,,,,6.0,0.2,6.2,Scommessa,1-14
103090,Frigan,A,Parma,6.0,2,6.0,0,0,0,0,0,0,0,0,5,4,2026-2027,frigan,,,,,,,,,,,,,0,,0,2,0,0.0,parma,,0,0,,0,0,,,,,,,6,4,1.5,46.0,38.0,1.21,23,11/02/2003,,,,6.0,0.2,6.2,Scommessa,1-14
95276,Geubbels,A,Lecce,6.0,2,6.0,0,0,0,0,0,0,0,0,5,4,2026-2027,geubbels,,,,,,,,,,,,,0,,2,0,2,0.5,lecce,,0,0,,1,0,infortunato,Distorsione alla caviglia,01/10/2026,"l'attaccante KO contro la Roma il 31 agosto vittima di una distorsione alla caviglia, rientro previsto da inizio ottobre.",15.0,,7,4,1.75,50.0,38.0,1.32,25,16/08/2001,,,,6.0,0.5,6.5,Scommessa,1-14
118899,Ghedjemis,A,Frosinone,6.25,2,6.25,0,0,0,0,0,0,0,0,5,4,2026-2027,ghedjemis,,,,,,,,,,,,,0,,1,1,1,0.25,frosinone,3-4-3,1,1,probabili formazioni,0,3,,,,,,,4,4,1.0,,,,24,06/09/2002,,,,6.25,0.7,6.95,Scommessa,1-14
113898,Gnonto,A,Fiorentina,5.75,2,5.75,0,0,0,0,0,0,0,0,5,4,2026-2027,gnonto,,,,,,,,,,,,,0,,0,2,0,0.0,fiorentina,,0,0,,0,0,,,,,,,11,4,2.75,50.0,38.0,1.32,23,05/11/2003,,,,5.75,0.2,5.95,Scommessa,1-14
96400,Goncalo Ramos,A,Milan,6.25,4,7.25,1,0,0,0,0,0,0,0,5,4,2026-2027,goncaloramos,,,,,,,,,,,,,0,,4,0,1,1.0,milan,3-5-1,1,1,probabili formazioni,0,0,,,,,,,4,4,1.0,35.0,38.0,0.92,25,20/06/2001,,,,7.25,0.7,7.95,Medio,15-49
95132,Gonzalez,A,Juventus,6.33,3,7.67,1,0,0,0,0,0,0,0,5,4,2026-2027,gonzalez,,,,,,,,,,,,,0,,2,1,2,0.5,juventus,4-3-3,1,1,probabili formazioni,3,0,,,,,,,4,4,1.0,34.0,38.0,0.89,28,06/04/1998,,,,7.67,0.7,8.37,Semi-top,50-109
118401,Gueye,A,Udinese,6.0,3,7.0,1,0,0,0,0,0,0,0,5,4,2026-2027,gueye,Udinese,5.8,5.93,19.0,1.0,0.0,0.0,0.0,0.0,0.0,2.0,0.0,0,1.07,1,2,1,0.25,udinese,,0,0,,0,0,,,,,,,10,4,2.5,48.0,38.0,1.26,20,16/09/2006,,,,6.27,0.2,6.47,Scommessa,1-14
119548,Gustavo Varela,A,Monza,6.33,3,8.33,2,0,0,0,0,0,0,0,5,4,2026-2027,gustavovarela,,,,,,,,,,,,,0,,3,0,2,0.75,monza,5-3-1,1,1,probabili formazioni,0,0,,,,,,,11,4,2.75,,,,21,30/01/2005,,,,8.33,0.7,9.03,Semi-top,50-109
102774,Hojlund,A,Napoli,6.38,4,7.88,2,0,0,0,0,0,0,0,5,4,2026-2027,hojlund,Napoli,6.35,7.68,33.0,12.0,5.0,1.0,0.0,0.0,0.0,1.0,0.0,0,0.2,4,0,4,1.0,napoli,4-4-1,1,1,probabili formazioni,2,0,,,,,,,5,4,1.25,36.0,38.0,0.95,23,04/02/2003,,,,7.73,0.9,8.63,Semi-top,50-109
95684,Isaksen,A,Lazio,5.62,4,5.5,0,0,0,0,0,0,1,0,5,4,2026-2027,isaksen,Lazio,6.18,6.77,30.0,5.0,1.0,0.0,0.0,0.0,0.0,0.0,0.0,0,-1.27,1,3,1,0.25,lazio,,0,0,,0,0,,,,,,,3,4,0.75,40.0,38.0,1.05,25,19/04/2001,,,,6.41,0.2,6.61,Scommessa,1-14
119895,Jesus Rodriguez,A,Como,5.75,2,5.75,0,0,0,0,0,0,0,0,5,4,2026-2027,jesusrodriguez,Como 1907,6.21,6.52,31.0,2.0,9.0,0.0,0.0,0.0,0.0,3.0,1.0,0,-0.77,1,1,1,0.25,como,,0,0,,0,0,,,,,,,4,4,1.0,29.0,38.0,0.76,21,21/11/2005,,,,6.4,0.5,6.9,Scommessa,1-14
61229,Kean,A,Como,6.33,2,6.5,0,1,0,0,0,0,0,0,5,4,2026-2027,kean,Fiorentina,6.08,7.08,26.0,8.0,1.0,2.0,0.0,0.0,0.0,4.0,0.0,1,-0.58,1,2,1,0.25,como,,0,0,,2,0,,,,,,,4,4,1.0,50.0,38.0,1.32,26,28/02/2000,,,,6.97,0.7,7.67,Medio,15-49
103519,Kevin Carlos,A,Cagliari,5.5,2,5.25,0,0,0,0,0,0,1,0,5,4,2026-2027,kevincarlos,,,,,,,,,,,,,0,,0,2,0,0.0,cagliari,,0,0,,2,0,,,,,,,2,4,0.5,53.0,38.0,1.39,25,10/04/2001,,,,5.25,0.4,5.65,Scommessa,1-14
95331,Kolo Muani,A,Juventus,6.0,4,6.12,0,1,0,0,0,0,0,0,5,4,2026-2027,kolomuani,,,,,,,,,,,,,0,,4,0,0,1.0,juventus,4-3-3,1,1,probabili formazioni,1,0,,,,,,,4,4,1.0,34.0,38.0,0.89,28,05/12/1998,,,,6.12,1.2,7.32,Scommessa,1-14
95769,Krstovic,A,Atalanta,6.0,4,6.88,1,0,0,0,0,0,1,0,5,4,2026-2027,krstovic,Atalanta,6.28,7.31,33.0,10.0,5.0,0.0,0.0,0.0,0.0,4.0,0.0,0,-0.43,0,4,0,0.0,atalanta,,0,0,,2,0,,,,,,,5,4,1.25,36.0,38.0,0.95,26,05/04/2000,,,,7.2,0.4,7.6,Medio,15-49
67887,Kulenovic,A,Torino,5.0,2,5.0,0,0,0,0,0,0,0,0,5,4,2026-2027,kulenovic,Torino,5.62,5.62,13.0,0.0,1.0,0.0,0.0,0.0,0.0,2.0,0.0,0,-0.62,0,2,0,0.0,torino,,0,0,,0,0,,,,,,,7,4,1.75,63.0,38.0,1.66,27,04/12/1999,,,,5.42,0.2,5.62,Scommessa,1-14
120553,Kulla,A,Sassuolo,0.0,1,0.0,0,0,0,0,0,0,0,0,5,4,2026-2027,kulla,,,,,,,,,,,,,0,,0,1,0,0.0,sassuolo,,0,0,,0,0,,,,,,,7,4,1.75,50.0,38.0,1.32,18,20/02/2008,,,,0.0,0.2,0.2,Scommessa,1-14
116477,Kvernadze,A,Frosinone,6.88,4,8.75,2,1,0,0,0,0,0,0,5,4,2026-2027,kvernadze,,,,,,,,,,,,,0,,4,0,1,1.0,frosinone,3-4-3,1,1,probabili formazioni,0,0,,,,,,,4,4,1.0,,,,23,07/02/2003,,,,8.75,0.7,9.45,Top,110-180
66187,Lang,A,Napoli,6.17,3,6.17,0,0,0,0,0,0,0,0,5,4,2026-2027,lang,,,,,,,,,,,,,0,,1,2,1,0.25,napoli,,0,0,,0,0,,,,,,,5,4,1.25,36.0,38.0,0.95,27,17/06/1999,,,,6.17,0.2,6.37,Scommessa,1-14
120522,Lauberbach,A,Venezia,5.5,3,5.5,0,0,0,0,0,0,0,0,5,4,2026-2027,lauberbach,,,,,,,,,,,,,0,,0,3,0,0.0,venezia,,0,0,,0,0,,,,,,,11,4,2.75,,,,28,15/02/1998,,,,5.5,0.2,5.7,Scommessa,1-14
95435,Lauriente,A,Sassuolo,6.25,4,6.25,0,1,0,0,0,0,1,0,5,4,2026-2027,lauriente,Sassuolo,6.25,6.88,38.0,7.0,9.0,0.0,0.0,0.0,0.0,4.0,0.0,0,-0.63,4,0,0,1.0,sassuolo,2-4-3,1,1,probabili formazioni,3,2,,,,,,,7,4,1.75,50.0,38.0,1.32,28,04/12/1998,,,quinta punta,6.73,0.7,7.43,Medio,15-49
67777,Lautaro Martinez,A,Inter,6.5,3,8.5,2,0,0,0,0,0,2,0,5,4,2026-2027,lautaromartinez,Inter,6.6,8.7,30.0,17.0,6.0,0.0,0.0,0.0,0.0,4.0,0.0,0,-0.2,3,0,1,0.75,inter,4-3-2,1,1,probabili formazioni,0,0,,,,,,,6,4,1.5,35.0,38.0,0.92,29,22/08/1997,,,,8.65,1.0,9.65,Top,110-180
120544,Lontani,A,Parma,5.88,4,6.75,1,0,0,0,0,0,0,0,5,4,2026-2027,lontani,,,,,,,,,,,,,0,,3,1,3,0.75,parma,4-2-2,1,1,probabili formazioni,0,0,,,,,,,6,4,1.5,46.0,38.0,1.21,18,18/01/2008,,,,6.75,0.7,7.45,Medio,15-49
110216,Lucca,A,Napoli,5.88,4,5.88,0,0,0,0,0,0,0,0,5,4,2026-2027,lucca,,,,,,,,,,,,,0,,0,4,0,0.0,napoli,,0,0,,0,0,,,,,,,5,4,1.25,36.0,38.0,0.95,26,10/09/2000,,,,5.88,0.2,6.08,Scommessa,1-14
63371,Malen,A,Roma,7.38,4,12.5,6,0,0,0,0,0,1,0,5,4,2026-2027,malen,Roma,6.75,9.28,18.0,14.0,2.0,3.0,0.0,0.0,0.0,1.0,0.0,0,3.22,4,0,4,1.0,roma,4-2-3,1,1,probabili formazioni,1,2,,,,,,,1,4,0.25,31.0,38.0,0.82,27,19/01/1999,,,obiettivo,10.57,1.5,12.07,Top,110-180
120334,Mendy,A,Cagliari,6.38,4,7.12,1,0,0,0,0,0,0,0,5,4,2026-2027,mendy,Cagliari,5.94,6.62,9.0,2.0,0.0,0.0,0.0,0.0,0.0,1.0,0.0,0,0.5,4,0,4,1.0,cagliari,2-6-1,1,1,probabili formazioni,0,0,,,,,,,2,4,0.5,53.0,38.0,1.39,19,13/01/2007,,,,6.91,0.7,7.61,Medio,15-49
119063,Njie,A,Fiorentina,6.0,2,5.83,0,0,0,0,0,0,1,0,5,4,2026-2027,njie,Torino,5.77,6.05,15.0,1.0,1.0,0.0,0.0,0.0,0.0,2.0,0.0,1,-0.22,2,1,2,0.5,fiorentina,,0,0,,0,0,,,,,,,11,4,2.75,63.0,38.0,1.66,21,14/05/2005,,,,5.99,0.2,6.19,Scommessa,1-14
119040,Noslin,A,Lazio,6.0,3,7.0,1,0,0,0,0,0,0,0,5,4,2026-2027,noslin,Lazio,6.0,6.5,29.0,4.0,2.0,0.0,0.0,0.0,0.0,5.0,0.0,0,0.5,1,2,1,0.25,lazio,,0,0,,0,0,,,,,,,3,4,0.75,40.0,38.0,1.05,27,07/07/1999,,,,6.62,0.2,6.82,Scommessa,1-14
119842,N’Dri,A,Lecce,5.75,4,5.62,0,0,0,0,0,0,1,0,5,4,2026-2027,ndri,Lecce,5.79,6.0,27.0,2.0,0.0,0.0,0.0,0.0,0.0,3.0,0.0,0,-0.38,2,2,2,0.5,lecce,,0,0,,0,0,,,,,,,7,4,1.75,50.0,38.0,1.32,26,27/10/2000,,,,5.88,0.2,6.08,Scommessa,1-14
120653,Oboavwoduo,A,Juventus,0.0,1,0.0,0,0,0,0,0,0,0,0,5,4,2026-2027,oboavwoduo,,,,,,,,,,,,,0,,0,1,0,0.0,juventus,,0,0,,0,0,,,,,,,4,4,1.0,34.0,38.0,0.89,20,23/08/2006,,,,0.0,0.2,0.2,Scommessa,1-14
66238,Osmajic,A,Genoa,5.83,3,6.83,1,0,0,0,0,0,0,0,5,4,2026-2027,osmajic,,,,,,,,,,,,,0,,2,1,0,0.5,genoa,,0,0,,0,0,,,,,,,8,4,2.0,51.0,38.0,1.34,27,25/07/1999,,,,6.83,0.2,7.03,Scommessa,1-14
117113,Ousmane Diallo,A,Parma,5.5,1,5.5,0,0,0,0,0,0,0,0,5,4,2026-2027,ousmanediallo,,,,,,,,,,,,,0,,0,1,0,0.0,parma,,0,0,,0,0,,,,,,,6,4,1.5,46.0,38.0,1.21,19,12/06/2007,,,,5.5,0.2,5.7,Scommessa,1-14
120536,Paco Esteban,A,Lecce,5.5,1,5.5,0,0,0,0,0,0,0,0,5,4,2026-2027,pacoesteban,,,,,,,,,,,,,0,,0,1,0,0.0,lecce,,0,0,,0,0,,,,,,,7,4,1.75,50.0,38.0,1.32,20,02/05/2006,,,,5.5,0.2,5.7,Scommessa,1-14
119848,Pellegrino,A,Fiorentina,6.0,4,7.62,2,0,0,0,0,0,1,0,5,4,2026-2027,pellegrino,Parma,5.91,6.73,37.0,9.0,1.0,1.0,0.0,0.0,0.0,5.0,0.0,1,0.89,3,1,1,0.75,fiorentina,,0,0,,2,0,,,,,,,11,4,2.75,46.0,38.0,1.21,25,22/10/2001,,,,6.95,0.4,7.35,Scommessa,1-14
70458,Piccoli,A,Bologna,5.88,4,6.5,1,0,0,0,0,0,1,0,5,4,2026-2027,piccoli,Fiorentina,5.85,6.37,32.0,4.0,1.0,0.0,0.0,0.0,0.0,1.0,0.0,1,0.13,4,0,3,1.0,bologna,4-3-2,1,1,probabili formazioni,0,0,,,,,,,5,4,1.25,50.0,38.0,1.32,25,27/01/2001,,,,6.41,0.7,7.11,Scommessa,1-14
59346,Pinamonti,A,Lazio,5.67,3,5.67,0,0,0,0,0,0,0,0,5,4,2026-2027,pinamonti,Sassuolo,6.14,6.97,36.0,9.0,3.0,0.0,0.0,0.0,0.0,2.0,1.0,1,-1.3,1,2,1,0.25,lazio,3-4-2,1,1,probabili formazioni,2,0,,,,,,,3,4,0.75,50.0,38.0,1.32,27,19/05/1999,,,,6.71,0.9,7.61,Medio,15-49
109711,Raimondo,A,Frosinone,6.75,4,9.88,4,0,0,0,0,0,1,0,5,4,2026-2027,raimondo,,,,,,,,,,,,,0,,4,0,3,1.0,frosinone,3-4-3,1,1,probabili formazioni,0,0,,,,,,,4,4,1.0,,,,22,18/03/2004,,,,9.88,0.7,10.58,Top,110-180
66162,Raspadori,A,Atalanta,6.33,3,7.33,1,0,0,0,0,0,0,0,5,4,2026-2027,raspadori,Atalanta,6.27,7.08,13.0,3.0,1.0,0.0,0.0,0.0,0.0,0.0,0.0,0,0.25,2,1,2,0.5,atalanta,,0,0,,0,0,,,,,,,5,4,1.25,36.0,38.0,0.95,26,18/02/2000,,,,7.18,0.2,7.38,Medio,15-49
120541,Robinson,A,Monza,6.5,3,8.0,1,0,0,0,0,0,0,0,5,4,2026-2027,robinson,,,,,,,,,,,,,0,,2,1,2,0.5,monza,,0,0,,0,0,,,,,,,11,4,2.75,,,,19,15/03/2007,,,,8.0,0.2,8.2,Semi-top,50-109
120550,Romero,A,Parma,6.17,3,7.17,1,0,0,0,0,0,0,0,5,4,2026-2027,romero,,,,,,,,,,,,,0,,1,2,1,0.25,parma,4-2-2,1,1,probabili formazioni,0,0,,,,,,,6,4,1.5,46.0,38.0,1.21,23,25/03/2003,,,,7.17,0.7,7.87,Medio,15-49
111827,Rowe,A,Atalanta,6.0,1,6.0,0,0,0,0,0,0,0,0,5,4,2026-2027,rowe,Bologna,6.03,6.41,28.0,3.0,2.0,0.0,0.0,0.0,0.0,2.0,0.0,1,-0.41,1,1,0,0.25,atalanta,,0,0,,0,0,,,,,,,5,4,1.25,46.0,38.0,1.21,23,30/04/2003,,,,6.37,0.2,6.57,Scommessa,1-14
61870,Scamacca,A,Atalanta,6.38,4,7.12,1,0,0,0,0,0,0,0,5,4,2026-2027,scamacca,Atalanta,6.2,7.61,24.0,10.0,1.0,2.0,0.0,0.0,0.0,2.0,0.0,0,-0.49,4,0,4,1.0,atalanta,4-3-2,1,1,probabili formazioni,1,0,,,,,,,5,4,1.25,36.0,38.0,0.95,27,01/01/1999,,,,7.45,1.2,8.65,Semi-top,50-109
60802,Simeone,A,Torino,5.62,4,5.62,0,0,0,0,0,0,0,0,5,4,2026-2027,simeone,Torino,6.16,7.3,32.0,11.0,0.0,0.0,0.0,0.0,0.0,1.0,0.0,0,-1.68,3,1,2,0.75,torino,3-4-1,1,1,probabili formazioni,2,0,,,,,,,7,4,1.75,63.0,38.0,1.66,31,05/07/1995,,,,6.84,0.7,7.54,Medio,15-49
111438,Soule,A,Roma,6.75,4,8.62,2,1,0,0,0,0,0,0,5,4,2026-2027,soule,Roma,6.34,7.0,33.0,6.0,5.0,0.0,0.0,0.0,0.0,1.0,0.0,0,1.62,2,2,2,0.5,roma,4-2-3,1,1,probabili formazioni,0,0,,,,,,,1,4,0.25,31.0,38.0,0.82,23,15/04/2003,,,,7.43,1.0,8.43,Semi-top,50-109
97629,Stulic,A,Lecce,5.88,4,5.88,0,0,0,0,0,0,0,0,5,4,2026-2027,stulic,Lecce,5.81,6.27,34.0,4.0,0.0,1.0,0.0,0.0,0.0,1.0,0.0,0,-0.39,2,2,1,0.5,lecce,4-3-1,1,1,probabili formazioni,2,0,,,,,,,7,4,1.75,50.0,38.0,1.32,25,08/09/2001,,,,6.17,0.9,7.07,Scommessa,1-14
120643,Sugamele,A,Cagliari,6.5,1,6.5,0,0,0,0,0,0,0,0,5,4,2026-2027,sugamele,,,,,,,,,,,,,0,,0,1,0,0.0,cagliari,,0,0,,0,0,,,,,,,2,4,0.5,53.0,38.0,1.39,19,22/02/2007,,,,6.5,0.2,6.7,Scommessa,1-14
63275,Thuram,A,Inter,6.83,3,9.0,2,1,0,0,0,0,0,0,5,4,2026-2027,thuram,Inter,6.52,8.0,29.0,13.0,6.0,0.0,0.0,0.0,0.0,2.0,0.0,0,1.0,1,2,1,0.25,inter,4-3-2,1,1,probabili formazioni,0,0,,,,,,,6,4,1.5,35.0,38.0,0.92,29,06/08/1997,,,,8.24,1.0,9.24,Semi-top,50-109
95422,Toure,A,Parma,5.88,4,5.88,0,0,0,0,0,0,0,0,5,4,2026-2027,toure,,,,,,,,,,,,,0,,4,0,2,1.0,parma,,0,0,,1,0,,,,,,,6,4,1.5,46.0,38.0,1.21,25,03/10/2001,,,,5.88,0.7,6.58,Scommessa,1-14
103168,Vitinha,A,Genoa,6.0,4,6.0,0,0,0,0,0,0,0,0,5,4,2026-2027,vitinha,Genoa,6.02,6.47,35.0,5.0,1.0,0.0,0.0,0.0,0.0,5.0,0.0,0,-0.47,2,2,1,0.5,genoa,,0,0,,3,2,,,,,,,8,4,2.0,51.0,38.0,1.34,26,15/03/2000,,,,6.35,0.2,6.55,Scommessa,1-14
95108,Woltemade,A,Juventus,5.5,2,5.5,0,0,0,0,0,0,0,0,5,4,2026-2027,woltemade,,,,,,,,,,,,,0,,0,2,0,0.0,juventus,,0,0,,2,0,,,,,,,4,4,1.0,34.0,38.0,0.89,24,14/02/2002,,,,5.5,0.4,5.9,Scommessa,1-14
102086,Yeboah,A,Venezia,6.12,4,6.88,1,0,0,0,0,0,0,0,5,4,2026-2027,yeboah,,,,,,,,,,,,,0,,3,1,2,0.75,venezia,3-2-2,1,1,probabili formazioni,0,2,,,,,,,11,4,2.75,,,,26,23/06/2000,,,,6.88,0.7,7.58,Medio,15-49
118054,Yildiz,A,Juventus,6.5,1,6.5,0,0,0,0,0,0,0,0,5,4,2026-2027,yildiz,Juventus,6.42,7.25,36.0,10.0,6.0,1.0,0.0,0.0,0.0,2.0,0.0,0,-0.75,1,0,1,0.25,juventus,,0,0,,0,1,infortunato,,,"l'attaccante turco, dopo la gara di Frosinone (23 agosto), ha lamentato un problema al piede. Operato il 31 agosto di osteosintesi della frattura della base del V metatarso del piede sinistro, stop di circa tre mesi. Ipotesi di rientro in campo da fine novembre.",,sì,4,4,1.0,34.0,38.0,0.89,21,04/05/2005,,,,7.19,-0.4,6.79,Scommessa,1-14
43622,Zapata,A,Torino,0.0,2,0.0,0,0,0,0,0,0,0,0,5,4,2026-2027,zapata,Torino,5.9,6.16,28.0,3.0,1.0,0.0,0.0,0.0,0.0,0.0,0.0,0,-6.16,0,2,0,0.0,torino,,0,0,,0,0,,,,,,,7,4,1.75,63.0,38.0,1.66,35,01/04/1991,,,,5.07,-0.3,4.77,Scommessa,1-14
120635,Zeballos,A,Monza,7.0,1,10.0,1,0,0,0,0,0,0,0,5,4,2026-2027,zeballos,,,,,,,,,,,,,0,,0,1,0,0.0,monza,,0,0,,0,0,,,,,,,11,4,2.75,,,,24,24/04/2002,,,,10.0,0.2,10.2,Top,110-180
120549,Žulevic,A,Genoa,0.0,1,0.0,0,0,0,0,0,0,0,0,5,4,2026-2027,zulevic,,,,,,,,,,,,,0,,0,1,0,0.0,genoa,,0,0,,0,0,,,,,,,8,4,2.0,51.0,38.0,1.34,19,14/09/2007,,,,0.0,0.2,0.2,Scommessa,1-14
